[23:32:08] [main/INFO]: [OptiFine] (Reflector) Field not found: World.tileEntitiesToBeRemoved
[23:32:08] [main/INFO]: [OptiFine] (Reflector) Class not present: net.minecraftforge.eventbus.api.Event$Result
[23:32:08] [main/INFO]: [OptiFine] (Reflector) Method not present: net.minecraftforge.common.extensions.IForgeBlockState.hasTileEntity
[23:32:08] [main/INFO]: [OptiFine] (Reflector) Class not present: net.minecraftforge.common.extensions.IForgeEntity
[23:32:08] [main/INFO]: [OptiFine] (Reflector) Class not present: net.minecraftforge.fml.CrashReportExtender
[23:32:09] [main/INFO]: [OptiFine] (Reflector) Method not present: net.minecraft.tags.ItemTags.createOptional
[23:32:16] [main/INFO]: [OptiFine] (Reflector) Class not present: net.minecraftforge.client.ForgeHooksClient
[23:32:16] [main/ERROR]: Can't find the resource index file: assets\indexes\1.16.json
[23:32:16] [main/INFO]: Environment: authHost='https://authserver.mojang.com', accountsHost='https://api.mojang.com', sessionHost='https://sessionserver.mojang.com', servicesHost='https://api.minecraftservices.com', name='PROD'
[23:32:18] [main/INFO]: Setting user: shieldthug_7
[23:32:18] [main/INFO]: [OptiFine] (Reflector) Class not present: net.minecraftforge.client.settings.KeyConflictContext
[23:32:18] [main/INFO]: [OptiFine] (Reflector) Class not present: net.minecraftforge.client.settings.KeyModifier
[23:32:18] [main/INFO]: [OptiFine] (Reflector) Class not present: net.minecraft.launchwrapper.Launch
[23:32:18] [main/INFO]: Backend library: LWJGL version 3.2.1 build 12
[23:32:18] [main/INFO]: [STDERR]: [LWJGL] [ERROR] Incompatible Java and native library versions detected.
Possible reasons:
	a) -Djava.library.path is set to a folder containing shared libraries of an older LWJGL version.
	b) The classpath contains jar files of an older LWJGL version.
Possible solutions:
	a) Make sure to not set -Djava.library.path (it is not needed for developing with LWJGL 3) or make
	   sure the folder it points to contains the shared libraries of the correct LWJGL version.
	b) Check the classpath and make sure to only have jar files of the same LWJGL version in it.
[23:32:18] [main/INFO]: [STDERR]: [LWJGL] [ERROR] Incompatible Java and native library versions detected.
Possible reasons:
	a) -Djava.library.path is set to a folder containing shared libraries of an older LWJGL version.
	b) The classpath contains jar files of an older LWJGL version.
Possible solutions:
	a) Make sure to not set -Djava.library.path (it is not needed for developing with LWJGL 3) or make
	   sure the folder it points to contains the shared libraries of the correct LWJGL version.
	b) Check the classpath and make sure to only have jar files of the same LWJGL version in it.
[23:32:18] [main/INFO]: [STDERR]: [LWJGL] [ERROR] Incompatible Java and native library versions detected.
Possible reasons:
	a) -Djava.library.path is set to a folder containing shared libraries of an older LWJGL version.
	b) The classpath contains jar files of an older LWJGL version.
Possible solutions:
	a) Make sure to not set -Djava.library.path (it is not needed for developing with LWJGL 3) or make
	   sure the folder it points to contains the shared libraries of the correct LWJGL version.
	b) Check the classpath and make sure to only have jar files of the same LWJGL version in it.
[23:32:18] [main/INFO]: [OptiFine] (Reflector) Method not present: net.minecraftforge.fml.loading.progress.EarlyProgressVisualization.handOffWindow
[23:32:18] [main/INFO]: [STDERR]: [LWJGL] [ERROR] Incompatible Java and native library versions detected.
Possible reasons:
	a) -Djava.library.path is set to a folder containing shared libraries of an older LWJGL version.
	b) The classpath contains jar files of an older LWJGL version.
Possible solutions:
	a) Make sure to not set -Djava.library.path (it is not needed for developing with LWJGL 3) or make
	   sure the folder it points to contains the shared libraries of the correct LWJGL version.
	b) Check the classpath and make sure to only have jar files of the same LWJGL version in it.
[23:32:19] [main/INFO]: [OptiFine] (Reflector) Class not present: optifine.OptiFineResourceLocator
[23:32:19] [main/ERROR]: Couldn't set icon
java.io.FileNotFoundException: icons/icon_16x16.png
	at net.minecraft.resources.VanillaPack.getResourceStream(VanillaPack.java:117) ~[classes/:?]
	at net.minecraft.client.Minecraft.<init>(Minecraft.java:445) [classes/:?]
	at net.minecraft.client.main.Main.main(Main.java:165) [classes/:?]
	at Start.main(Start.java:10) [classes/:?]
[23:32:19] [main/INFO]: [OptiFine] 
[23:32:19] [main/INFO]: [OptiFine] OptiFine_1.16.5_HD_U_G8
[23:32:19] [main/INFO]: [OptiFine] Build: null
[23:32:19] [main/INFO]: [OptiFine] OS: Windows 10 (amd64) version 10.0
[23:32:19] [main/INFO]: [OptiFine] Java: 17.0.15, Amazon.com Inc.
[23:32:19] [main/INFO]: [OptiFine] VM: OpenJDK 64-Bit Server VM (mixed mode, sharing), Amazon.com Inc.
[23:32:19] [main/INFO]: [OptiFine] LWJGL: 3.3.0 Win32 WGL EGL VisualC DLL
[23:32:19] [main/INFO]: [OptiFine] OpenGL: Radeon RX 580 Series, version 4.6.0 Compatibility Profile Context 24.3.1.240216, ATI Technologies Inc.
[23:32:19] [main/INFO]: [OptiFine] OpenGL Version: 4.6.0
[23:32:19] [main/INFO]: [OptiFine] OpenGL Fancy fog: Not available (GL_NV_fog_distance)
[23:32:19] [main/INFO]: [OptiFine] Maximum texture size: 16384x16384
[23:32:19] [VersionCheck/INFO]: [OptiFine] Checking for new version
[23:32:19] [main/INFO]: [Shaders] OpenGL Version: 4.6.0 Compatibility Profile Context 24.3.1.240216
[23:32:19] [main/INFO]: [Shaders] Vendor:  ATI Technologies Inc.
[23:32:19] [main/INFO]: [Shaders] Renderer: Radeon RX 580 Series
[23:32:19] [main/INFO]: [Shaders] Capabilities:  2.0  2.1  3.0  3.2  4.0 
[23:32:19] [main/INFO]: [Shaders] GL_MAX_DRAW_BUFFERS: 8
[23:32:19] [main/INFO]: [Shaders] GL_MAX_COLOR_ATTACHMENTS_EXT: 8
[23:32:19] [main/INFO]: [Shaders] GL_MAX_TEXTURE_IMAGE_UNITS: 32
[23:32:19] [main/INFO]: [Shaders] Load shaders configuration.
[23:32:19] [main/INFO]: [Shaders] Save shaders configuration.
[23:32:19] [main/INFO]: [Shaders] No shaderpack loaded.
[23:32:19] [main/INFO]: [OptiFine] (Reflector) Class not present: net.minecraftforge.fml.common.Loader
[23:32:19] [VersionCheck/INFO]: [OptiFine] Version found: G7
[23:32:20] [main/WARN]: [OptiFine] java.lang.ClassNotFoundException: sun.misc.SharedSecrets
[23:32:20] [main/WARN]: [OptiFine] java.lang.ClassNotFoundException: jdk.internal.misc.SharedSecrets
[23:32:20] [main/WARN]: [OptiFine] java.lang.ClassNotFoundException: sun.misc.VM
[23:32:20] [main/WARN]: [OptiFine] java.lang.reflect.InaccessibleObjectException: Unable to make public static long jdk.internal.misc.VM.maxDirectMemory() accessible: module java.base does not "exports jdk.internal.misc" to unnamed module @53d8d10a
[23:32:20] [main/INFO]: [OptiFine] (Reflector) Class not present: net.minecraftforge.client.ItemModelMesherForge
[23:32:20] [main/INFO]: [OptiFine] (Reflector) Class not present: net.minecraftforge.client.model.pipeline.ForgeBlockModelRenderer
[23:32:21] [main/WARN]: ERROR : Couldn't load Narrator library : Unable to load library 'SAPIWrapper_x64': Can't obtain InputStream for win32-x86-64/SAPIWrapper_x64.dll
ERROR : Couldn't load Narrator library : Unable to load library 'SAPIWrapper_x86': Can't obtain InputStream for win32-x86-64/SAPIWrapper_x86.dll

[23:32:30] [main/INFO]: [OptiFine] (Reflector) Class not present: net.minecraftforge.fml.client.gui.screen.ModListScreen
[23:32:30] [main/INFO]: [OptiFine] (Reflector) Class not present: net.minecraftforge.client.gui.NotificationModUpdateScreen
[23:32:30] [main/INFO]: [STDERR]: [LWJGL] [ERROR] Incompatible Java and native library versions detected.
Possible reasons:
	a) -Djava.library.path is set to a folder containing shared libraries of an older LWJGL version.
	b) The classpath contains jar files of an older LWJGL version.
Possible solutions:
	a) Make sure to not set -Djava.library.path (it is not needed for developing with LWJGL 3) or make
	   sure the folder it points to contains the shared libraries of the correct LWJGL version.
	b) Check the classpath and make sure to only have jar files of the same LWJGL version in it.
[23:32:30] [main/INFO]: Reloading ResourceManager: Default
[23:32:30] [main/INFO]: [OptiFine] *** Reloading textures ***
[23:32:30] [main/INFO]: [OptiFine] Resource packs: Default
[23:32:30] [Worker-Main-9/INFO]: [OptiFine] (Reflector) Class not present: net.minecraftforge.client.model.ModelLoaderRegistry
[23:32:30] [Worker-Main-14/INFO]: [OptiFine] Multitexture: false
[23:32:30] [Worker-Main-10/INFO]: [OptiFine] Multitexture: false
[23:32:30] [Worker-Main-8/INFO]: [OptiFine] Multitexture: false
[23:32:30] [Realms Notification Availability checker #1/INFO]: Could not authorize you against Realms server: java.lang.RuntimeException: Failed to parse into SignedJWT: 0
[23:32:50] [main/INFO]: [OptiFine] (Reflector) Method not present: net.minecraft.client.renderer.RenderTypeLookup.canRenderInLayer
[23:32:50] [main/INFO]: [OptiFine] *** Reflector Forge ***
[23:32:50] [main/INFO]: [OptiFine] (Reflector) Class not present: mods.betterfoliage.client.BetterFoliageClient
[23:32:50] [main/INFO]: [OptiFine] (Reflector) Class not present: net.minecraftforge.fml.BrandingControl
[23:32:50] [main/INFO]: [OptiFine] (Reflector) Class not present: net.minecraftforge.common.capabilities.ICapabilityProvider
[23:32:50] [main/INFO]: [OptiFine] (Reflector) Class not present: net.minecraftforge.common.capabilities.CapabilityProvider
[23:32:50] [main/INFO]: [OptiFine] (Reflector) Class not present: net.minecraftforge.fml.client.ClientModLoader
[23:32:50] [main/INFO]: [OptiFine] (Reflector) Class not present: net.minecraftforge.event.world.ChunkDataEvent$Save
[23:32:50] [main/INFO]: [OptiFine] (Reflector) Class not present: net.minecraftforge.event.world.ChunkEvent$Load
[23:32:50] [main/INFO]: [OptiFine] (Reflector) Class not present: net.minecraftforge.event.world.ChunkEvent$Unload
[23:32:50] [main/INFO]: [OptiFine] (Reflector) Class not present: net.minecraftforge.fml.client.ClientHooks
[23:32:50] [main/INFO]: [OptiFine] (Reflector) Class not present: net.minecraftforge.client.event.GuiScreenEvent$DrawScreenEvent$Pre
[23:32:50] [main/INFO]: [OptiFine] (Reflector) Class not present: net.minecraftforge.client.event.GuiScreenEvent$DrawScreenEvent$Post
[23:32:50] [main/INFO]: [OptiFine] (Reflector) Class not present: net.minecraftforge.event.entity.EntityLeaveWorldEvent
[23:32:50] [main/INFO]: [OptiFine] (Reflector) Class not present: net.minecraftforge.client.event.EntityViewRenderEvent$CameraSetup
[23:32:50] [main/INFO]: [OptiFine] (Reflector) Class not present: net.minecraftforge.client.event.EntityViewRenderEvent$FogColors
[23:32:50] [main/INFO]: [OptiFine] (Reflector) Class not present: net.minecraftforge.client.event.EntityViewRenderEvent$RenderFogEvent
[23:32:50] [main/INFO]: [OptiFine] (Reflector) Class not present: net.minecraftforge.event.entity.EntityJoinWorldEvent
[23:32:50] [main/INFO]: [OptiFine] (Reflector) Method not present: net.minecraftforge.eventbus.api.Event.isCanceled
[23:32:50] [main/INFO]: [OptiFine] (Reflector) Method not present: net.minecraftforge.eventbus.api.Event.getResult
[23:32:50] [main/INFO]: [OptiFine] (Reflector) Class not present: net.minecraftforge.eventbus.api.IEventBus
[23:32:50] [main/INFO]: [OptiFine] (Reflector) Class not present: net.minecraftforge.common.extensions.IForgeBlock
[23:32:50] [main/INFO]: [OptiFine] (Reflector) Method not present: net.minecraft.client.renderer.BlockModelShapes.getTexture
[23:32:50] [main/INFO]: [OptiFine] (Reflector) Method not present: net.minecraftforge.common.extensions.IForgeBlockState.addDestroyEffects
[23:32:50] [main/INFO]: [OptiFine] (Reflector) Method not present: net.minecraftforge.common.extensions.IForgeBlockState.addHitEffects
[23:32:50] [main/INFO]: [OptiFine] (Reflector) Method not present: net.minecraftforge.common.extensions.IForgeBlockState.getLightValue
[23:32:50] [main/INFO]: [OptiFine] (Reflector) Method not present: net.minecraftforge.common.extensions.IForgeBlockState.getSoundType
[23:32:50] [main/INFO]: [OptiFine] (Reflector) Method not present: net.minecraftforge.common.extensions.IForgeBlockState.getStateAtViewpoint
[23:32:50] [main/INFO]: [OptiFine] (Reflector) Method not present: net.minecraftforge.common.extensions.IForgeBlockState.isAir
[23:32:50] [main/INFO]: [OptiFine] (Reflector) Method not present: net.minecraftforge.common.extensions.IForgeBlockState.shouldDisplayFluidOverlay
[23:32:50] [main/INFO]: [OptiFine] (Reflector) Class not present: net.minecraftforge.common.extensions.IForgeFluid
[23:32:50] [main/INFO]: [OptiFine] (Reflector) Class not present: net.minecraftforge.fluids.FluidAttributes
[23:32:50] [main/INFO]: [OptiFine] (Reflector) Method not present: net.minecraft.entity.EntityType.getTags
[23:32:50] [main/INFO]: [OptiFine] (Reflector) Class not present: net.minecraftforge.event.ForgeEventFactory
[23:32:50] [main/INFO]: [OptiFine] (Reflector) Method not present: net.minecraft.fluid.Fluid.getTags
[23:32:50] [main/INFO]: [OptiFine] (Reflector) Class not present: net.minecraftforge.common.ForgeHooks
[23:32:50] [main/INFO]: [OptiFine] (Reflector) Class not present: net.minecraftforge.common.ForgeConfig
[23:32:50] [main/INFO]: [OptiFine] (Reflector) Class not present: net.minecraftforge.common.ForgeConfig$Client
[23:32:50] [main/INFO]: [OptiFine] (Reflector) Class not present: net.minecraftforge.common.ForgeConfigSpec
[23:32:50] [main/INFO]: [OptiFine] (Reflector) Class not present: net.minecraftforge.common.ForgeConfigSpec$ConfigValue
[23:32:50] [main/INFO]: [OptiFine] (Reflector) Method not present: net.minecraft.world.chunk.IChunk.getWorldForge
[23:32:50] [main/INFO]: [OptiFine] (Reflector) Class not present: net.minecraftforge.common.extensions.IForgeItem
[23:32:50] [main/INFO]: [OptiFine] (Reflector) Class not present: net.minecraftforge.common.extensions.IForgeItemStack
[23:32:50] [main/INFO]: [OptiFine] (Reflector) Class not present: net.minecraftforge.fml.ForgeI18n
[23:32:50] [main/INFO]: [OptiFine] (Reflector) Method not present: net.minecraft.client.settings.KeyBinding.setKeyConflictContext
[23:32:50] [main/INFO]: [OptiFine] (Reflector) Method not present: net.minecraft.client.settings.KeyBinding.setKeyModifierAndCode
[23:32:50] [main/INFO]: [OptiFine] (Reflector) Method not present: net.minecraft.client.settings.KeyBinding.getKeyModifier
[23:32:50] [main/INFO]: [OptiFine] (Reflector) Class not present: net.minecraftforge.common.extensions.IForgeEffectInstance
[23:32:50] [main/INFO]: [OptiFine] (Reflector) Class not present: net.minecraftforge.registries.ForgeRegistryEntry
[23:32:50] [main/INFO]: [OptiFine] (Reflector) Method not present: net.minecraft.client.renderer.RenderTypeLookup.canRenderInLayer
[23:32:50] [main/INFO]: [OptiFine] (Reflector) Constructor not present: net.minecraft.world.server.Ticket, params: class net.minecraft.world.server.TicketType, int, class java.lang.Object, boolean
[23:32:50] [main/INFO]: [OptiFine] (Reflector) Method not present: net.minecraft.world.server.Ticket.isForceTicks
[23:32:50] [main/INFO]: [OptiFine] (Reflector) Class not present: net.minecraftforge.common.extensions.IForgeTileEntity
[23:32:50] [main/INFO]: [OptiFine] (Reflector) Method not present: net.minecraft.client.world.DimensionRenderInfo.getCloudRenderHandler
[23:32:50] [main/INFO]: [OptiFine] (Reflector) Method not present: net.minecraft.client.world.DimensionRenderInfo.getSkyRenderHandler
[23:32:50] [main/INFO]: [OptiFine] (Reflector) Method not present: net.minecraft.client.world.DimensionRenderInfo.getWeatherParticleRenderHandler
[23:32:50] [main/INFO]: [OptiFine] (Reflector) Method not present: net.minecraft.client.world.DimensionRenderInfo.getWeatherRenderHandler
[23:32:50] [main/INFO]: [OptiFine] (Reflector) Class not present: net.minecraftforge.client.IRenderHandler
[23:32:50] [main/INFO]: [OptiFine] (Reflector) Class not present: net.minecraftforge.client.model.pipeline.LightUtil
[23:32:50] [main/INFO]: [OptiFine] (Reflector) Class not present: net.minecraftforge.common.MinecraftForge
[23:32:50] [main/INFO]: [OptiFine] (Reflector) Class not present: net.minecraftforge.client.MinecraftForgeClient
[23:32:50] [main/INFO]: [OptiFine] (Reflector) Class not present: net.minecraftforge.fml.common.ModContainer
[23:32:50] [main/INFO]: [OptiFine] (Reflector) Class not present: net.minecraftforge.entity.PartEntity
[23:32:50] [main/INFO]: [OptiFine] (Reflector) Class not present: net.minecraftforge.event.entity.PlaySoundAtEntityEvent
[23:32:50] [main/INFO]: [OptiFine] (Reflector) Class not present: net.minecraftforge.client.event.RenderBlockOverlayEvent$OverlayType
[23:32:50] [main/INFO]: [OptiFine] (Reflector) Class not present: net.minecraftforge.fml.client.registry.RenderingRegistry
[23:32:50] [main/INFO]: [OptiFine] (Reflector) Class not present: net.minecraftforge.client.event.RenderGameOverlayEvent$BossInfo
[23:32:50] [main/INFO]: [OptiFine] (Reflector) Class not present: net.minecraftforge.client.event.RenderItemInFrameEvent
[23:32:50] [main/INFO]: [OptiFine] (Reflector) Class not present: net.minecraftforge.client.event.RenderLivingEvent$Pre
[23:32:50] [main/INFO]: [OptiFine] (Reflector) Class not present: net.minecraftforge.client.event.RenderLivingEvent$Post
[23:32:50] [main/INFO]: [OptiFine] (Reflector) Class not present: net.minecraftforge.client.event.RenderNameplateEvent
[23:32:50] [main/INFO]: [OptiFine] (Reflector) Class not present: net.minecraftforge.client.event.ScreenshotEvent
[23:32:50] [main/INFO]: [OptiFine] (Reflector) Class not present: net.minecraftforge.fml.server.ServerLifecycleHooks
[23:32:50] [main/INFO]: [OptiFine] (Reflector) Class not present: net.minecraftforge.event.world.WorldEvent$Load
[23:32:50] [main/INFO]: [OptiFine] *** Reflector Vanilla ***
[23:32:53] [Worker-Main-9/INFO]: [OptiFine] Multitexture: false
[23:32:53] [Worker-Main-9/INFO]: [OptiFine] ConnectedTextures: optifine/ctm/default/00_glass_white/glass_pane_white.properties
[23:32:54] [Worker-Main-9/INFO]: [OptiFine] ConnectedTextures: optifine/ctm/default/00_glass_white/glass_white.properties
[23:32:54] [Worker-Main-9/INFO]: [OptiFine] ConnectedTextures: optifine/ctm/default/01_glass_orange/glass_orange.properties
[23:32:54] [Worker-Main-9/INFO]: [OptiFine] ConnectedTextures: optifine/ctm/default/01_glass_orange/glass_pane_orange.properties
[23:32:54] [Worker-Main-9/INFO]: [OptiFine] ConnectedTextures: optifine/ctm/default/02_glass_magenta/glass_magenta.properties
[23:32:54] [Worker-Main-9/INFO]: [OptiFine] ConnectedTextures: optifine/ctm/default/02_glass_magenta/glass_pane_magenta.properties
[23:32:54] [Worker-Main-9/INFO]: [OptiFine] ConnectedTextures: optifine/ctm/default/03_glass_light_blue/glass_light_blue.properties
[23:32:54] [Worker-Main-9/INFO]: [OptiFine] ConnectedTextures: optifine/ctm/default/03_glass_light_blue/glass_pane_light_blue.properties
[23:32:54] [Worker-Main-9/INFO]: [OptiFine] ConnectedTextures: optifine/ctm/default/04_glass_yellow/glass_pane_yellow.properties
[23:32:55] [Worker-Main-9/INFO]: [OptiFine] ConnectedTextures: optifine/ctm/default/04_glass_yellow/glass_yellow.properties
[23:32:55] [Worker-Main-9/INFO]: [OptiFine] ConnectedTextures: optifine/ctm/default/05_glass_lime/glass_lime.properties
[23:32:55] [Worker-Main-9/INFO]: [OptiFine] ConnectedTextures: optifine/ctm/default/05_glass_lime/glass_pane_lime.properties
[23:32:55] [Worker-Main-9/INFO]: [OptiFine] ConnectedTextures: optifine/ctm/default/06_glass_pink/glass_pane_pink.properties
[23:32:55] [Worker-Main-9/INFO]: [OptiFine] ConnectedTextures: optifine/ctm/default/06_glass_pink/glass_pink.properties
[23:32:55] [Worker-Main-9/INFO]: [OptiFine] ConnectedTextures: optifine/ctm/default/07_glass_gray/glass_gray.properties
[23:32:55] [Worker-Main-9/INFO]: [OptiFine] ConnectedTextures: optifine/ctm/default/07_glass_gray/glass_pane_gray.properties
[23:32:55] [Worker-Main-9/INFO]: [OptiFine] ConnectedTextures: optifine/ctm/default/08_glass_light_gray/glass_light_gray.properties
[23:32:55] [Worker-Main-9/INFO]: [OptiFine] ConnectedTextures: optifine/ctm/default/08_glass_light_gray/glass_pane_light_gray.properties
[23:32:56] [Worker-Main-9/INFO]: [OptiFine] ConnectedTextures: optifine/ctm/default/09_glass_cyan/glass_cyan.properties
[23:32:56] [Worker-Main-9/INFO]: [OptiFine] ConnectedTextures: optifine/ctm/default/09_glass_cyan/glass_pane_cyan.properties
[23:32:56] [Worker-Main-9/INFO]: [OptiFine] ConnectedTextures: optifine/ctm/default/10_glass_purple/glass_pane_purple.properties
[23:32:56] [Worker-Main-9/INFO]: [OptiFine] ConnectedTextures: optifine/ctm/default/10_glass_purple/glass_purple.properties
[23:32:56] [Worker-Main-9/INFO]: [OptiFine] ConnectedTextures: optifine/ctm/default/11_glass_blue/glass_blue.properties
[23:32:56] [Worker-Main-9/INFO]: [OptiFine] ConnectedTextures: optifine/ctm/default/11_glass_blue/glass_pane_blue.properties
[23:32:56] [Worker-Main-9/INFO]: [OptiFine] ConnectedTextures: optifine/ctm/default/12_glass_brown/glass_brown.properties
[23:32:56] [Worker-Main-9/INFO]: [OptiFine] ConnectedTextures: optifine/ctm/default/12_glass_brown/glass_pane_brown.properties
[23:32:57] [Worker-Main-9/INFO]: [OptiFine] ConnectedTextures: optifine/ctm/default/13_glass_green/glass_green.properties
[23:32:57] [Worker-Main-9/INFO]: [OptiFine] ConnectedTextures: optifine/ctm/default/13_glass_green/glass_pane_green.properties
[23:32:57] [Worker-Main-9/INFO]: [OptiFine] ConnectedTextures: optifine/ctm/default/14_glass_red/glass_pane_red.properties
[23:32:57] [Worker-Main-9/INFO]: [OptiFine] ConnectedTextures: optifine/ctm/default/14_glass_red/glass_red.properties
[23:32:57] [Worker-Main-9/INFO]: [OptiFine] ConnectedTextures: optifine/ctm/default/15_glass_black/glass_black.properties
[23:32:57] [Worker-Main-9/INFO]: [OptiFine] ConnectedTextures: optifine/ctm/default/15_glass_black/glass_pane_black.properties
[23:32:57] [Worker-Main-9/INFO]: [OptiFine] ConnectedTextures: optifine/ctm/default/20_glass/glass.properties
[23:32:57] [Worker-Main-9/INFO]: [OptiFine] ConnectedTextures: optifine/ctm/default/20_glass/glass_pane.properties
[23:32:57] [Worker-Main-9/INFO]: [OptiFine] ConnectedTextures: optifine/ctm/default/30_bookshelf/bookshelf.properties
[23:32:57] [Worker-Main-9/INFO]: [OptiFine] ConnectedTextures: optifine/ctm/default/40_sandstone/sandstone.properties
[23:32:58] [Worker-Main-9/INFO]: [OptiFine] ConnectedTextures: optifine/ctm/default/41_red_sandstone/red_sandstone.properties
[23:32:58] [Worker-Main-9/INFO]: [OptiFine] Multipass connected textures: false
[23:32:58] [Worker-Main-9/INFO]: [OptiFine] BetterGrass: Parsing default configuration optifine/bettergrass.properties
[23:33:09] [Worker-Main-9/INFO]: [OptiFine] Mipmap levels: 4
[23:33:13] [Worker-Main-9/INFO]: [OptiFine] Multitexture: false
[23:33:13] [Worker-Main-9/INFO]: [OptiFine] Sprite size: 64
[23:33:13] [Worker-Main-9/INFO]: [OptiFine] Mipmap levels: 6
[23:33:13] [Worker-Main-9/INFO]: [OptiFine] Multitexture: false
[23:33:14] [Worker-Main-9/INFO]: [OptiFine] Sprite size: 64
[23:33:14] [Worker-Main-9/INFO]: [OptiFine] Mipmap levels: 6
[23:33:14] [Worker-Main-9/INFO]: [OptiFine] Multitexture: false
[23:33:14] [Worker-Main-9/INFO]: [OptiFine] Sprite size: 64
[23:33:14] [Worker-Main-9/INFO]: [OptiFine] Mipmap levels: 6
[23:33:14] [Worker-Main-9/INFO]: [OptiFine] Multitexture: false
[23:33:14] [Worker-Main-9/INFO]: [OptiFine] Sprite size: 64
[23:33:14] [Worker-Main-9/INFO]: [OptiFine] Mipmap levels: 6
[23:33:14] [Worker-Main-9/INFO]: [OptiFine] Multitexture: false
[23:33:14] [Worker-Main-9/INFO]: [OptiFine] Sprite size: 64
[23:33:14] [Worker-Main-9/INFO]: [OptiFine] Mipmap levels: 6
[23:33:14] [Worker-Main-9/INFO]: [OptiFine] Multitexture: false
[23:33:14] [Worker-Main-9/INFO]: [OptiFine] Sprite size: 64
[23:33:14] [Worker-Main-9/INFO]: [OptiFine] Mipmap levels: 6
[23:33:14] [main/WARN]: Missing sound for event: minecraft:ambient.cave
[23:33:14] [main/WARN]: Missing sound for event: minecraft:ambient.basalt_deltas.additions
[23:33:14] [main/WARN]: Missing sound for event: minecraft:ambient.basalt_deltas.loop
[23:33:14] [main/WARN]: Missing sound for event: minecraft:ambient.basalt_deltas.mood
[23:33:14] [main/WARN]: Missing sound for event: minecraft:ambient.crimson_forest.additions
[23:33:14] [main/WARN]: Missing sound for event: minecraft:ambient.crimson_forest.loop
[23:33:14] [main/WARN]: Missing sound for event: minecraft:ambient.crimson_forest.mood
[23:33:14] [main/WARN]: Missing sound for event: minecraft:ambient.nether_wastes.additions
[23:33:14] [main/WARN]: Missing sound for event: minecraft:ambient.nether_wastes.loop
[23:33:14] [main/WARN]: Missing sound for event: minecraft:ambient.nether_wastes.mood
[23:33:14] [main/WARN]: Missing sound for event: minecraft:ambient.soul_sand_valley.additions
[23:33:14] [main/WARN]: Missing sound for event: minecraft:ambient.soul_sand_valley.loop
[23:33:14] [main/WARN]: Missing sound for event: minecraft:ambient.soul_sand_valley.mood
[23:33:14] [main/WARN]: Missing sound for event: minecraft:ambient.warped_forest.additions
[23:33:14] [main/WARN]: Missing sound for event: minecraft:ambient.warped_forest.loop
[23:33:14] [main/WARN]: Missing sound for event: minecraft:ambient.warped_forest.mood
[23:33:14] [main/WARN]: Missing sound for event: minecraft:ambient.underwater.enter
[23:33:14] [main/WARN]: Missing sound for event: minecraft:ambient.underwater.exit
[23:33:14] [main/WARN]: Missing sound for event: minecraft:ambient.underwater.loop
[23:33:14] [main/WARN]: Missing sound for event: minecraft:ambient.underwater.loop.additions
[23:33:14] [main/WARN]: Missing sound for event: minecraft:ambient.underwater.loop.additions.rare
[23:33:14] [main/WARN]: Missing sound for event: minecraft:ambient.underwater.loop.additions.ultra_rare
[23:33:14] [main/WARN]: Missing sound for event: minecraft:block.ancient_debris.break
[23:33:14] [main/WARN]: Missing sound for event: minecraft:block.ancient_debris.step
[23:33:14] [main/WARN]: Missing sound for event: minecraft:block.ancient_debris.place
[23:33:14] [main/WARN]: Missing sound for event: minecraft:block.ancient_debris.hit
[23:33:14] [main/WARN]: Missing sound for event: minecraft:block.ancient_debris.fall
[23:33:14] [main/WARN]: Missing sound for event: minecraft:block.anvil.break
[23:33:14] [main/WARN]: Missing sound for event: minecraft:block.anvil.destroy
[23:33:14] [main/WARN]: Missing sound for event: minecraft:block.anvil.fall
[23:33:15] [main/WARN]: Missing sound for event: minecraft:block.anvil.hit
[23:33:15] [main/WARN]: Missing sound for event: minecraft:block.anvil.land
[23:33:15] [main/WARN]: Missing sound for event: minecraft:block.anvil.place
[23:33:15] [main/WARN]: Missing sound for event: minecraft:block.anvil.step
[23:33:15] [main/WARN]: Missing sound for event: minecraft:block.anvil.use
[23:33:15] [main/WARN]: Missing sound for event: minecraft:item.armor.equip_chain
[23:33:15] [main/WARN]: Missing sound for event: minecraft:item.armor.equip_diamond
[23:33:15] [main/WARN]: Missing sound for event: minecraft:item.armor.equip_elytra
[23:33:15] [main/WARN]: Missing sound for event: minecraft:item.armor.equip_generic
[23:33:15] [main/WARN]: Missing sound for event: minecraft:item.armor.equip_gold
[23:33:15] [main/WARN]: Missing sound for event: minecraft:item.armor.equip_iron
[23:33:15] [main/WARN]: Missing sound for event: minecraft:item.armor.equip_leather
[23:33:15] [main/WARN]: Missing sound for event: minecraft:item.armor.equip_netherite
[23:33:15] [main/WARN]: Missing sound for event: minecraft:item.armor.equip_turtle
[23:33:15] [main/WARN]: Missing sound for event: minecraft:entity.armor_stand.break
[23:33:15] [main/WARN]: Missing sound for event: minecraft:entity.armor_stand.fall
[23:33:15] [main/WARN]: Missing sound for event: minecraft:entity.armor_stand.hit
[23:33:15] [main/WARN]: Missing sound for event: minecraft:entity.armor_stand.place
[23:33:15] [main/WARN]: Missing sound for event: minecraft:entity.arrow.hit
[23:33:15] [main/WARN]: Missing sound for event: minecraft:entity.arrow.hit_player
[23:33:15] [main/WARN]: Missing sound for event: minecraft:entity.arrow.shoot
[23:33:15] [main/WARN]: Missing sound for event: minecraft:item.axe.strip
[23:33:15] [main/WARN]: Missing sound for event: minecraft:block.bamboo.break
[23:33:15] [main/WARN]: Missing sound for event: minecraft:block.bamboo.fall
[23:33:15] [main/WARN]: Missing sound for event: minecraft:block.bamboo.hit
[23:33:15] [main/WARN]: Missing sound for event: minecraft:block.bamboo.place
[23:33:15] [main/WARN]: Missing sound for event: minecraft:block.bamboo.step
[23:33:15] [main/WARN]: Missing sound for event: minecraft:block.bamboo_sapling.break
[23:33:15] [main/WARN]: Missing sound for event: minecraft:block.bamboo_sapling.hit
[23:33:15] [main/WARN]: Missing sound for event: minecraft:block.bamboo_sapling.place
[23:33:15] [main/WARN]: Missing sound for event: minecraft:block.barrel.close
[23:33:15] [main/WARN]: Missing sound for event: minecraft:block.barrel.open
[23:33:15] [main/WARN]: Missing sound for event: minecraft:block.basalt.break
[23:33:15] [main/WARN]: Missing sound for event: minecraft:block.basalt.step
[23:33:15] [main/WARN]: Missing sound for event: minecraft:block.basalt.place
[23:33:15] [main/WARN]: Missing sound for event: minecraft:block.basalt.hit
[23:33:15] [main/WARN]: Missing sound for event: minecraft:block.basalt.fall
[23:33:15] [main/WARN]: Missing sound for event: minecraft:entity.bat.ambient
[23:33:15] [main/WARN]: Missing sound for event: minecraft:entity.bat.death
[23:33:15] [main/WARN]: Missing sound for event: minecraft:entity.bat.hurt
[23:33:15] [main/WARN]: Missing sound for event: minecraft:entity.bat.loop
[23:33:15] [main/WARN]: Missing sound for event: minecraft:entity.bat.takeoff
[23:33:15] [main/WARN]: Missing sound for event: minecraft:block.beacon.activate
[23:33:15] [main/WARN]: Missing sound for event: minecraft:block.beacon.ambient
[23:33:15] [main/WARN]: Missing sound for event: minecraft:block.beacon.deactivate
[23:33:15] [main/WARN]: Missing sound for event: minecraft:block.beacon.power_select
[23:33:15] [main/WARN]: Missing sound for event: minecraft:entity.bee.death
[23:33:15] [main/WARN]: Missing sound for event: minecraft:entity.bee.hurt
[23:33:15] [main/WARN]: Missing sound for event: minecraft:entity.bee.loop_aggressive
[23:33:15] [main/WARN]: Missing sound for event: minecraft:entity.bee.loop
[23:33:15] [main/WARN]: Missing sound for event: minecraft:entity.bee.sting
[23:33:15] [main/WARN]: Missing sound for event: minecraft:entity.bee.pollinate
[23:33:15] [main/WARN]: Missing sound for event: minecraft:block.beehive.drip
[23:33:15] [main/WARN]: Missing sound for event: minecraft:block.beehive.enter
[23:33:15] [main/WARN]: Missing sound for event: minecraft:block.beehive.exit
[23:33:15] [main/WARN]: Missing sound for event: minecraft:block.beehive.shear
[23:33:15] [main/WARN]: Missing sound for event: minecraft:block.beehive.work
[23:33:15] [main/WARN]: Missing sound for event: minecraft:block.bell.use
[23:33:15] [main/WARN]: Missing sound for event: minecraft:block.bell.resonate
[23:33:15] [main/WARN]: Missing sound for event: minecraft:entity.blaze.ambient
[23:33:15] [main/WARN]: Missing sound for event: minecraft:entity.blaze.burn
[23:33:15] [main/WARN]: Missing sound for event: minecraft:entity.blaze.death
[23:33:15] [main/WARN]: Missing sound for event: minecraft:entity.blaze.hurt
[23:33:15] [main/WARN]: Missing sound for event: minecraft:entity.blaze.shoot
[23:33:15] [main/WARN]: Missing sound for event: minecraft:entity.boat.paddle_land
[23:33:15] [main/WARN]: Missing sound for event: minecraft:entity.boat.paddle_water
[23:33:15] [main/WARN]: Missing sound for event: minecraft:block.bone_block.break
[23:33:15] [main/WARN]: Missing sound for event: minecraft:block.bone_block.fall
[23:33:15] [main/WARN]: Missing sound for event: minecraft:block.bone_block.hit
[23:33:15] [main/WARN]: Missing sound for event: minecraft:block.bone_block.place
[23:33:15] [main/WARN]: Missing sound for event: minecraft:block.bone_block.step
[23:33:15] [main/WARN]: Missing sound for event: minecraft:item.book.page_turn
[23:33:15] [main/WARN]: Missing sound for event: minecraft:item.book.put
[23:33:15] [main/WARN]: Missing sound for event: minecraft:block.blastfurnace.fire_crackle
[23:33:15] [main/WARN]: Missing sound for event: minecraft:item.bottle.empty
[23:33:15] [main/WARN]: Missing sound for event: minecraft:item.bottle.fill
[23:33:15] [main/WARN]: Missing sound for event: minecraft:item.bottle.fill_dragonbreath
[23:33:15] [main/WARN]: Missing sound for event: minecraft:block.brewing_stand.brew
[23:33:15] [main/WARN]: Missing sound for event: minecraft:block.bubble_column.bubble_pop
[23:33:15] [main/WARN]: Missing sound for event: minecraft:block.bubble_column.upwards_ambient
[23:33:15] [main/WARN]: Missing sound for event: minecraft:block.bubble_column.upwards_inside
[23:33:15] [main/WARN]: Missing sound for event: minecraft:block.bubble_column.whirlpool_ambient
[23:33:15] [main/WARN]: Missing sound for event: minecraft:block.bubble_column.whirlpool_inside
[23:33:15] [main/WARN]: Missing sound for event: minecraft:item.bucket.empty
[23:33:15] [main/WARN]: Missing sound for event: minecraft:item.bucket.empty_fish
[23:33:15] [main/WARN]: Missing sound for event: minecraft:item.bucket.empty_lava
[23:33:15] [main/WARN]: Missing sound for event: minecraft:item.bucket.fill
[23:33:15] [main/WARN]: Missing sound for event: minecraft:item.bucket.fill_fish
[23:33:15] [main/WARN]: Missing sound for event: minecraft:item.bucket.fill_lava
[23:33:15] [main/WARN]: Missing sound for event: minecraft:block.campfire.crackle
[23:33:15] [main/WARN]: Missing sound for event: minecraft:entity.cat.ambient
[23:33:15] [main/WARN]: Missing sound for event: minecraft:entity.cat.stray_ambient
[23:33:15] [main/WARN]: Missing sound for event: minecraft:entity.cat.death
[23:33:15] [main/WARN]: Missing sound for event: minecraft:entity.cat.eat
[23:33:15] [main/WARN]: Missing sound for event: minecraft:entity.cat.hiss
[23:33:15] [main/WARN]: Missing sound for event: minecraft:entity.cat.beg_for_food
[23:33:15] [main/WARN]: Missing sound for event: minecraft:entity.cat.hurt
[23:33:15] [main/WARN]: Missing sound for event: minecraft:entity.cat.purr
[23:33:15] [main/WARN]: Missing sound for event: minecraft:entity.cat.purreow
[23:33:15] [main/WARN]: Missing sound for event: minecraft:block.chain.break
[23:33:15] [main/WARN]: Missing sound for event: minecraft:block.chain.fall
[23:33:15] [main/WARN]: Missing sound for event: minecraft:block.chain.hit
[23:33:15] [main/WARN]: Missing sound for event: minecraft:block.chain.place
[23:33:15] [main/WARN]: Missing sound for event: minecraft:block.chain.step
[23:33:15] [main/WARN]: Missing sound for event: minecraft:block.chest.close
[23:33:15] [main/WARN]: Missing sound for event: minecraft:block.chest.locked
[23:33:15] [main/WARN]: Missing sound for event: minecraft:block.chest.open
[23:33:15] [main/WARN]: Missing sound for event: minecraft:entity.chicken.ambient
[23:33:15] [main/WARN]: Missing sound for event: minecraft:entity.chicken.death
[23:33:15] [main/WARN]: Missing sound for event: minecraft:entity.chicken.egg
[23:33:15] [main/WARN]: Missing sound for event: minecraft:entity.chicken.hurt
[23:33:15] [main/WARN]: Missing sound for event: minecraft:entity.chicken.step
[23:33:15] [main/WARN]: Missing sound for event: minecraft:block.chorus_flower.death
[23:33:15] [main/WARN]: Missing sound for event: minecraft:block.chorus_flower.grow
[23:33:15] [main/WARN]: Missing sound for event: minecraft:item.chorus_fruit.teleport
[23:33:15] [main/WARN]: Missing sound for event: minecraft:entity.cod.ambient
[23:33:15] [main/WARN]: Missing sound for event: minecraft:entity.cod.death
[23:33:15] [main/WARN]: Missing sound for event: minecraft:entity.cod.flop
[23:33:15] [main/WARN]: Missing sound for event: minecraft:entity.cod.hurt
[23:33:15] [main/WARN]: Missing sound for event: minecraft:block.comparator.click
[23:33:15] [main/WARN]: Missing sound for event: minecraft:block.composter.empty
[23:33:15] [main/WARN]: Missing sound for event: minecraft:block.composter.fill
[23:33:15] [main/WARN]: Missing sound for event: minecraft:block.composter.fill_success
[23:33:15] [main/WARN]: Missing sound for event: minecraft:block.composter.ready
[23:33:15] [main/WARN]: Missing sound for event: minecraft:block.conduit.activate
[23:33:15] [main/WARN]: Missing sound for event: minecraft:block.conduit.ambient
[23:33:15] [main/WARN]: Missing sound for event: minecraft:block.conduit.ambient.short
[23:33:15] [main/WARN]: Missing sound for event: minecraft:block.conduit.attack.target
[23:33:15] [main/WARN]: Missing sound for event: minecraft:block.conduit.deactivate
[23:33:15] [main/WARN]: Missing sound for event: minecraft:block.coral_block.break
[23:33:15] [main/WARN]: Missing sound for event: minecraft:block.coral_block.fall
[23:33:15] [main/WARN]: Missing sound for event: minecraft:block.coral_block.hit
[23:33:15] [main/WARN]: Missing sound for event: minecraft:block.coral_block.place
[23:33:15] [main/WARN]: Missing sound for event: minecraft:block.coral_block.step
[23:33:15] [main/WARN]: Missing sound for event: minecraft:entity.cow.ambient
[23:33:15] [main/WARN]: Missing sound for event: minecraft:entity.cow.death
[23:33:15] [main/WARN]: Missing sound for event: minecraft:entity.cow.hurt
[23:33:15] [main/WARN]: Missing sound for event: minecraft:entity.cow.milk
[23:33:15] [main/WARN]: Missing sound for event: minecraft:entity.cow.step
[23:33:15] [main/WARN]: Missing sound for event: minecraft:entity.creeper.death
[23:33:15] [main/WARN]: Missing sound for event: minecraft:entity.creeper.hurt
[23:33:15] [main/WARN]: Missing sound for event: minecraft:entity.creeper.primed
[23:33:15] [main/WARN]: Missing sound for event: minecraft:block.crop.break
[23:33:15] [main/WARN]: Missing sound for event: minecraft:item.crop.plant
[23:33:15] [main/WARN]: Missing sound for event: minecraft:item.crossbow.hit
[23:33:15] [main/WARN]: Missing sound for event: minecraft:item.crossbow.loading_end
[23:33:15] [main/WARN]: Missing sound for event: minecraft:item.crossbow.loading_middle
[23:33:15] [main/WARN]: Missing sound for event: minecraft:item.crossbow.loading_start
[23:33:15] [main/WARN]: Missing sound for event: minecraft:item.crossbow.quick_charge_1
[23:33:15] [main/WARN]: Missing sound for event: minecraft:item.crossbow.quick_charge_2
[23:33:15] [main/WARN]: Missing sound for event: minecraft:item.crossbow.quick_charge_3
[23:33:15] [main/WARN]: Missing sound for event: minecraft:item.crossbow.shoot
[23:33:15] [main/WARN]: Missing sound for event: minecraft:block.dispenser.dispense
[23:33:15] [main/WARN]: Missing sound for event: minecraft:block.dispenser.fail
[23:33:15] [main/WARN]: Missing sound for event: minecraft:block.dispenser.launch
[23:33:15] [main/WARN]: Missing sound for event: minecraft:entity.dolphin.ambient
[23:33:15] [main/WARN]: Missing sound for event: minecraft:entity.dolphin.ambient_water
[23:33:15] [main/WARN]: Missing sound for event: minecraft:entity.dolphin.attack
[23:33:15] [main/WARN]: Missing sound for event: minecraft:entity.dolphin.death
[23:33:15] [main/WARN]: Missing sound for event: minecraft:entity.dolphin.eat
[23:33:15] [main/WARN]: Missing sound for event: minecraft:entity.dolphin.hurt
[23:33:15] [main/WARN]: Missing sound for event: minecraft:entity.dolphin.jump
[23:33:15] [main/WARN]: Missing sound for event: minecraft:entity.dolphin.play
[23:33:15] [main/WARN]: Missing sound for event: minecraft:entity.dolphin.splash
[23:33:15] [main/WARN]: Missing sound for event: minecraft:entity.dolphin.swim
[23:33:15] [main/WARN]: Missing sound for event: minecraft:entity.donkey.ambient
[23:33:15] [main/WARN]: Missing sound for event: minecraft:entity.donkey.angry
[23:33:15] [main/WARN]: Missing sound for event: minecraft:entity.donkey.chest
[23:33:15] [main/WARN]: Missing sound for event: minecraft:entity.donkey.death
[23:33:15] [main/WARN]: Missing sound for event: minecraft:entity.donkey.eat
[23:33:15] [main/WARN]: Missing sound for event: minecraft:entity.donkey.hurt
[23:33:15] [main/WARN]: Missing sound for event: minecraft:entity.drowned.ambient
[23:33:15] [main/WARN]: Missing sound for event: minecraft:entity.drowned.ambient_water
[23:33:15] [main/WARN]: Missing sound for event: minecraft:entity.drowned.death
[23:33:15] [main/WARN]: Missing sound for event: minecraft:entity.drowned.death_water
[23:33:15] [main/WARN]: Missing sound for event: minecraft:entity.drowned.hurt
[23:33:15] [main/WARN]: Missing sound for event: minecraft:entity.drowned.hurt_water
[23:33:15] [main/WARN]: Missing sound for event: minecraft:entity.drowned.shoot
[23:33:15] [main/WARN]: Missing sound for event: minecraft:entity.drowned.step
[23:33:15] [main/WARN]: Missing sound for event: minecraft:entity.drowned.swim
[23:33:15] [main/WARN]: Missing sound for event: minecraft:entity.egg.throw
[23:33:15] [main/WARN]: Missing sound for event: minecraft:entity.elder_guardian.ambient
[23:33:15] [main/WARN]: Missing sound for event: minecraft:entity.elder_guardian.ambient_land
[23:33:15] [main/WARN]: Missing sound for event: minecraft:entity.elder_guardian.curse
[23:33:15] [main/WARN]: Missing sound for event: minecraft:entity.elder_guardian.death
[23:33:15] [main/WARN]: Missing sound for event: minecraft:entity.elder_guardian.death_land
[23:33:15] [main/WARN]: Missing sound for event: minecraft:entity.elder_guardian.flop
[23:33:15] [main/WARN]: Missing sound for event: minecraft:entity.elder_guardian.hurt
[23:33:15] [main/WARN]: Missing sound for event: minecraft:entity.elder_guardian.hurt_land
[23:33:15] [main/WARN]: Missing sound for event: minecraft:item.elytra.flying
[23:33:15] [main/WARN]: Missing sound for event: minecraft:block.enchantment_table.use
[23:33:15] [main/WARN]: Missing sound for event: minecraft:block.ender_chest.close
[23:33:15] [main/WARN]: Missing sound for event: minecraft:block.ender_chest.open
[23:33:15] [main/WARN]: Missing sound for event: minecraft:entity.ender_dragon.ambient
[23:33:15] [main/WARN]: Missing sound for event: minecraft:entity.ender_dragon.death
[23:33:15] [main/WARN]: Missing sound for event: minecraft:entity.dragon_fireball.explode
[23:33:15] [main/WARN]: Missing sound for event: minecraft:entity.ender_dragon.flap
[23:33:15] [main/WARN]: Missing sound for event: minecraft:entity.ender_dragon.growl
[23:33:15] [main/WARN]: Missing sound for event: minecraft:entity.ender_dragon.hurt
[23:33:15] [main/WARN]: Missing sound for event: minecraft:entity.ender_dragon.shoot
[23:33:15] [main/WARN]: Missing sound for event: minecraft:entity.ender_eye.death
[23:33:15] [main/WARN]: Missing sound for event: minecraft:entity.ender_eye.launch
[23:33:15] [main/WARN]: Missing sound for event: minecraft:entity.enderman.ambient
[23:33:15] [main/WARN]: Missing sound for event: minecraft:entity.enderman.death
[23:33:15] [main/WARN]: Missing sound for event: minecraft:entity.enderman.hurt
[23:33:15] [main/WARN]: Missing sound for event: minecraft:entity.enderman.scream
[23:33:15] [main/WARN]: Missing sound for event: minecraft:entity.enderman.stare
[23:33:15] [main/WARN]: Missing sound for event: minecraft:entity.enderman.teleport
[23:33:15] [main/WARN]: Missing sound for event: minecraft:entity.endermite.ambient
[23:33:15] [main/WARN]: Missing sound for event: minecraft:entity.endermite.death
[23:33:15] [main/WARN]: Missing sound for event: minecraft:entity.endermite.hurt
[23:33:15] [main/WARN]: Missing sound for event: minecraft:entity.endermite.step
[23:33:15] [main/WARN]: Missing sound for event: minecraft:entity.ender_pearl.throw
[23:33:15] [main/WARN]: Missing sound for event: minecraft:block.end_gateway.spawn
[23:33:15] [main/WARN]: Missing sound for event: minecraft:block.end_portal_frame.fill
[23:33:15] [main/WARN]: Missing sound for event: minecraft:block.end_portal.spawn
[23:33:15] [main/WARN]: Missing sound for event: minecraft:entity.evoker.ambient
[23:33:15] [main/WARN]: Missing sound for event: minecraft:entity.evoker.cast_spell
[23:33:15] [main/WARN]: Missing sound for event: minecraft:entity.evoker.celebrate
[23:33:15] [main/WARN]: Missing sound for event: minecraft:entity.evoker.death
[23:33:15] [main/WARN]: Missing sound for event: minecraft:entity.evoker_fangs.attack
[23:33:15] [main/WARN]: Missing sound for event: minecraft:entity.evoker.hurt
[23:33:15] [main/WARN]: Missing sound for event: minecraft:entity.evoker.prepare_attack
[23:33:15] [main/WARN]: Missing sound for event: minecraft:entity.evoker.prepare_summon
[23:33:15] [main/WARN]: Missing sound for event: minecraft:entity.evoker.prepare_wololo
[23:33:15] [main/WARN]: Missing sound for event: minecraft:entity.experience_bottle.throw
[23:33:15] [main/WARN]: Missing sound for event: minecraft:entity.experience_orb.pickup
[23:33:15] [main/WARN]: Missing sound for event: minecraft:block.fence_gate.close
[23:33:15] [main/WARN]: Missing sound for event: minecraft:block.fence_gate.open
[23:33:15] [main/WARN]: Missing sound for event: minecraft:item.firecharge.use
[23:33:15] [main/WARN]: Missing sound for event: minecraft:entity.firework_rocket.blast
[23:33:15] [main/WARN]: Missing sound for event: minecraft:entity.firework_rocket.blast_far
[23:33:15] [main/WARN]: Missing sound for event: minecraft:entity.firework_rocket.large_blast
[23:33:15] [main/WARN]: Missing sound for event: minecraft:entity.firework_rocket.large_blast_far
[23:33:15] [main/WARN]: Missing sound for event: minecraft:entity.firework_rocket.launch
[23:33:15] [main/WARN]: Missing sound for event: minecraft:entity.firework_rocket.shoot
[23:33:15] [main/WARN]: Missing sound for event: minecraft:entity.firework_rocket.twinkle
[23:33:15] [main/WARN]: Missing sound for event: minecraft:entity.firework_rocket.twinkle_far
[23:33:15] [main/WARN]: Missing sound for event: minecraft:block.fire.ambient
[23:33:15] [main/WARN]: Missing sound for event: minecraft:block.fire.extinguish
[23:33:15] [main/WARN]: Missing sound for event: minecraft:entity.fish.swim
[23:33:15] [main/WARN]: Missing sound for event: minecraft:entity.fishing_bobber.retrieve
[23:33:15] [main/WARN]: Missing sound for event: minecraft:entity.fishing_bobber.splash
[23:33:15] [main/WARN]: Missing sound for event: minecraft:entity.fishing_bobber.throw
[23:33:15] [main/WARN]: Missing sound for event: minecraft:item.flintandsteel.use
[23:33:15] [main/WARN]: Missing sound for event: minecraft:entity.fox.aggro
[23:33:15] [main/WARN]: Missing sound for event: minecraft:entity.fox.ambient
[23:33:15] [main/WARN]: Missing sound for event: minecraft:entity.fox.bite
[23:33:15] [main/WARN]: Missing sound for event: minecraft:entity.fox.death
[23:33:15] [main/WARN]: Missing sound for event: minecraft:entity.fox.eat
[23:33:15] [main/WARN]: Missing sound for event: minecraft:entity.fox.hurt
[23:33:15] [main/WARN]: Missing sound for event: minecraft:entity.fox.screech
[23:33:15] [main/WARN]: Missing sound for event: minecraft:entity.fox.sleep
[23:33:15] [main/WARN]: Missing sound for event: minecraft:entity.fox.sniff
[23:33:15] [main/WARN]: Missing sound for event: minecraft:entity.fox.spit
[23:33:15] [main/WARN]: Missing sound for event: minecraft:entity.fox.teleport
[23:33:15] [main/WARN]: Missing sound for event: minecraft:block.roots.break
[23:33:15] [main/WARN]: Missing sound for event: minecraft:block.roots.step
[23:33:15] [main/WARN]: Missing sound for event: minecraft:block.roots.place
[23:33:15] [main/WARN]: Missing sound for event: minecraft:block.roots.hit
[23:33:15] [main/WARN]: Missing sound for event: minecraft:block.roots.fall
[23:33:15] [main/WARN]: Missing sound for event: minecraft:block.furnace.fire_crackle
[23:33:15] [main/WARN]: Missing sound for event: minecraft:entity.generic.big_fall
[23:33:15] [main/WARN]: Missing sound for event: minecraft:entity.generic.burn
[23:33:15] [main/WARN]: Missing sound for event: minecraft:entity.generic.death
[23:33:15] [main/WARN]: Missing sound for event: minecraft:entity.generic.drink
[23:33:15] [main/WARN]: Missing sound for event: minecraft:entity.generic.eat
[23:33:15] [main/WARN]: Missing sound for event: minecraft:entity.generic.explode
[23:33:15] [main/WARN]: Missing sound for event: minecraft:entity.generic.extinguish_fire
[23:33:15] [main/WARN]: Missing sound for event: minecraft:entity.generic.hurt
[23:33:15] [main/WARN]: Missing sound for event: minecraft:entity.generic.small_fall
[23:33:15] [main/WARN]: Missing sound for event: minecraft:entity.generic.splash
[23:33:15] [main/WARN]: Missing sound for event: minecraft:entity.generic.swim
[23:33:15] [main/WARN]: Missing sound for event: minecraft:entity.ghast.ambient
[23:33:15] [main/WARN]: Missing sound for event: minecraft:entity.ghast.death
[23:33:15] [main/WARN]: Missing sound for event: minecraft:entity.ghast.hurt
[23:33:15] [main/WARN]: Missing sound for event: minecraft:entity.ghast.scream
[23:33:15] [main/WARN]: Missing sound for event: minecraft:entity.ghast.shoot
[23:33:15] [main/WARN]: Missing sound for event: minecraft:entity.ghast.warn
[23:33:15] [main/WARN]: Missing sound for event: minecraft:block.gilded_blackstone.break
[23:33:15] [main/WARN]: Missing sound for event: minecraft:block.gilded_blackstone.fall
[23:33:15] [main/WARN]: Missing sound for event: minecraft:block.gilded_blackstone.hit
[23:33:15] [main/WARN]: Missing sound for event: minecraft:block.gilded_blackstone.place
[23:33:15] [main/WARN]: Missing sound for event: minecraft:block.gilded_blackstone.step
[23:33:15] [main/WARN]: Missing sound for event: minecraft:block.glass.break
[23:33:15] [main/WARN]: Missing sound for event: minecraft:block.glass.fall
[23:33:15] [main/WARN]: Missing sound for event: minecraft:block.glass.hit
[23:33:15] [main/WARN]: Missing sound for event: minecraft:block.glass.place
[23:33:15] [main/WARN]: Missing sound for event: minecraft:block.glass.step
[23:33:15] [main/WARN]: Missing sound for event: minecraft:block.grass.break
[23:33:15] [main/WARN]: Missing sound for event: minecraft:block.grass.fall
[23:33:15] [main/WARN]: Missing sound for event: minecraft:block.grass.hit
[23:33:15] [main/WARN]: Missing sound for event: minecraft:block.grass.place
[23:33:15] [main/WARN]: Missing sound for event: minecraft:block.grass.step
[23:33:15] [main/WARN]: Missing sound for event: minecraft:block.gravel.break
[23:33:15] [main/WARN]: Missing sound for event: minecraft:block.gravel.fall
[23:33:15] [main/WARN]: Missing sound for event: minecraft:block.gravel.hit
[23:33:15] [main/WARN]: Missing sound for event: minecraft:block.gravel.place
[23:33:15] [main/WARN]: Missing sound for event: minecraft:block.gravel.step
[23:33:15] [main/WARN]: Missing sound for event: minecraft:block.grindstone.use
[23:33:15] [main/WARN]: Missing sound for event: minecraft:entity.guardian.ambient
[23:33:15] [main/WARN]: Missing sound for event: minecraft:entity.guardian.ambient_land
[23:33:15] [main/WARN]: Missing sound for event: minecraft:entity.guardian.attack
[23:33:15] [main/WARN]: Missing sound for event: minecraft:entity.guardian.death
[23:33:15] [main/WARN]: Missing sound for event: minecraft:entity.guardian.death_land
[23:33:15] [main/WARN]: Missing sound for event: minecraft:entity.guardian.flop
[23:33:15] [main/WARN]: Missing sound for event: minecraft:entity.guardian.hurt
[23:33:15] [main/WARN]: Missing sound for event: minecraft:entity.guardian.hurt_land
[23:33:15] [main/WARN]: Missing sound for event: minecraft:item.hoe.till
[23:33:15] [main/WARN]: Missing sound for event: minecraft:entity.hoglin.ambient
[23:33:15] [main/WARN]: Missing sound for event: minecraft:entity.hoglin.angry
[23:33:15] [main/WARN]: Missing sound for event: minecraft:entity.hoglin.attack
[23:33:15] [main/WARN]: Missing sound for event: minecraft:entity.hoglin.converted_to_zombified
[23:33:15] [main/WARN]: Missing sound for event: minecraft:entity.hoglin.death
[23:33:15] [main/WARN]: Missing sound for event: minecraft:entity.hoglin.hurt
[23:33:15] [main/WARN]: Missing sound for event: minecraft:entity.hoglin.retreat
[23:33:15] [main/WARN]: Missing sound for event: minecraft:entity.hoglin.step
[23:33:15] [main/WARN]: Missing sound for event: minecraft:block.honey_block.break
[23:33:15] [main/WARN]: Missing sound for event: minecraft:block.honey_block.fall
[23:33:15] [main/WARN]: Missing sound for event: minecraft:block.honey_block.hit
[23:33:15] [main/WARN]: Missing sound for event: minecraft:block.honey_block.place
[23:33:15] [main/WARN]: Missing sound for event: minecraft:block.honey_block.slide
[23:33:15] [main/WARN]: Missing sound for event: minecraft:block.honey_block.step
[23:33:15] [main/WARN]: Missing sound for event: minecraft:item.honey_bottle.drink
[23:33:15] [main/WARN]: Missing sound for event: minecraft:entity.horse.ambient
[23:33:15] [main/WARN]: Missing sound for event: minecraft:entity.horse.angry
[23:33:15] [main/WARN]: Missing sound for event: minecraft:entity.horse.armor
[23:33:15] [main/WARN]: Missing sound for event: minecraft:entity.horse.breathe
[23:33:15] [main/WARN]: Missing sound for event: minecraft:entity.horse.death
[23:33:15] [main/WARN]: Missing sound for event: minecraft:entity.horse.eat
[23:33:15] [main/WARN]: Missing sound for event: minecraft:entity.horse.gallop
[23:33:15] [main/WARN]: Missing sound for event: minecraft:entity.horse.hurt
[23:33:15] [main/WARN]: Missing sound for event: minecraft:entity.horse.jump
[23:33:15] [main/WARN]: Missing sound for event: minecraft:entity.horse.land
[23:33:15] [main/WARN]: Missing sound for event: minecraft:entity.horse.saddle
[23:33:15] [main/WARN]: Missing sound for event: minecraft:entity.horse.step
[23:33:15] [main/WARN]: Missing sound for event: minecraft:entity.horse.step_wood
[23:33:15] [main/WARN]: Missing sound for event: minecraft:entity.hostile.big_fall
[23:33:15] [main/WARN]: Missing sound for event: minecraft:entity.hostile.death
[23:33:15] [main/WARN]: Missing sound for event: minecraft:entity.hostile.hurt
[23:33:15] [main/WARN]: Missing sound for event: minecraft:entity.hostile.small_fall
[23:33:15] [main/WARN]: Missing sound for event: minecraft:entity.hostile.splash
[23:33:15] [main/WARN]: Missing sound for event: minecraft:entity.hostile.swim
[23:33:15] [main/WARN]: Missing sound for event: minecraft:entity.husk.ambient
[23:33:15] [main/WARN]: Missing sound for event: minecraft:entity.husk.converted_to_zombie
[23:33:15] [main/WARN]: Missing sound for event: minecraft:entity.husk.death
[23:33:15] [main/WARN]: Missing sound for event: minecraft:entity.husk.hurt
[23:33:15] [main/WARN]: Missing sound for event: minecraft:entity.husk.step
[23:33:15] [main/WARN]: Missing sound for event: minecraft:entity.illusioner.ambient
[23:33:15] [main/WARN]: Missing sound for event: minecraft:entity.illusioner.cast_spell
[23:33:15] [main/WARN]: Missing sound for event: minecraft:entity.illusioner.death
[23:33:15] [main/WARN]: Missing sound for event: minecraft:entity.illusioner.hurt
[23:33:15] [main/WARN]: Missing sound for event: minecraft:entity.illusioner.mirror_move
[23:33:15] [main/WARN]: Missing sound for event: minecraft:entity.illusioner.prepare_blindness
[23:33:15] [main/WARN]: Missing sound for event: minecraft:entity.illusioner.prepare_mirror
[23:33:15] [main/WARN]: Missing sound for event: minecraft:block.iron_door.close
[23:33:15] [main/WARN]: Missing sound for event: minecraft:block.iron_door.open
[23:33:15] [main/WARN]: Missing sound for event: minecraft:entity.iron_golem.attack
[23:33:15] [main/WARN]: Missing sound for event: minecraft:entity.iron_golem.damage
[23:33:15] [main/WARN]: Missing sound for event: minecraft:entity.iron_golem.death
[23:33:15] [main/WARN]: Missing sound for event: minecraft:entity.iron_golem.hurt
[23:33:15] [main/WARN]: Missing sound for event: minecraft:entity.iron_golem.repair
[23:33:15] [main/WARN]: Missing sound for event: minecraft:entity.iron_golem.step
[23:33:15] [main/WARN]: Missing sound for event: minecraft:block.iron_trapdoor.close
[23:33:15] [main/WARN]: Missing sound for event: minecraft:block.iron_trapdoor.open
[23:33:15] [main/WARN]: Missing sound for event: minecraft:entity.item_frame.add_item
[23:33:15] [main/WARN]: Missing sound for event: minecraft:entity.item_frame.break
[23:33:15] [main/WARN]: Missing sound for event: minecraft:entity.item_frame.place
[23:33:15] [main/WARN]: Missing sound for event: minecraft:entity.item_frame.remove_item
[23:33:15] [main/WARN]: Missing sound for event: minecraft:entity.item_frame.rotate_item
[23:33:15] [main/WARN]: Missing sound for event: minecraft:entity.item.break
[23:33:15] [main/WARN]: Missing sound for event: minecraft:entity.item.pickup
[23:33:15] [main/WARN]: Missing sound for event: minecraft:block.ladder.break
[23:33:15] [main/WARN]: Missing sound for event: minecraft:block.ladder.fall
[23:33:15] [main/WARN]: Missing sound for event: minecraft:block.ladder.hit
[23:33:15] [main/WARN]: Missing sound for event: minecraft:block.ladder.place
[23:33:15] [main/WARN]: Missing sound for event: minecraft:block.ladder.step
[23:33:15] [main/WARN]: Missing sound for event: minecraft:block.lantern.break
[23:33:15] [main/WARN]: Missing sound for event: minecraft:block.lantern.fall
[23:33:15] [main/WARN]: Missing sound for event: minecraft:block.lantern.hit
[23:33:15] [main/WARN]: Missing sound for event: minecraft:block.lantern.place
[23:33:15] [main/WARN]: Missing sound for event: minecraft:block.lantern.step
[23:33:15] [main/WARN]: Missing sound for event: minecraft:block.lava.ambient
[23:33:15] [main/WARN]: Missing sound for event: minecraft:block.lava.extinguish
[23:33:15] [main/WARN]: Missing sound for event: minecraft:block.lava.pop
[23:33:15] [main/WARN]: Missing sound for event: minecraft:entity.leash_knot.break
[23:33:15] [main/WARN]: Missing sound for event: minecraft:entity.leash_knot.place
[23:33:15] [main/WARN]: Missing sound for event: minecraft:block.lever.click
[23:33:15] [main/WARN]: Missing sound for event: minecraft:entity.lightning_bolt.impact
[23:33:15] [main/WARN]: Missing sound for event: minecraft:entity.lightning_bolt.thunder
[23:33:15] [main/WARN]: Missing sound for event: minecraft:entity.lingering_potion.throw
[23:33:15] [main/WARN]: Missing sound for event: minecraft:entity.llama.ambient
[23:33:15] [main/WARN]: Missing sound for event: minecraft:entity.llama.angry
[23:33:15] [main/WARN]: Missing sound for event: minecraft:entity.llama.chest
[23:33:15] [main/WARN]: Missing sound for event: minecraft:entity.llama.death
[23:33:15] [main/WARN]: Missing sound for event: minecraft:entity.llama.eat
[23:33:15] [main/WARN]: Missing sound for event: minecraft:entity.llama.hurt
[23:33:15] [main/WARN]: Missing sound for event: minecraft:entity.llama.spit
[23:33:15] [main/WARN]: Missing sound for event: minecraft:entity.llama.step
[23:33:15] [main/WARN]: Missing sound for event: minecraft:entity.llama.swag
[23:33:15] [main/WARN]: Missing sound for event: minecraft:entity.magma_cube.death_small
[23:33:15] [main/WARN]: Missing sound for event: minecraft:block.lodestone.break
[23:33:15] [main/WARN]: Missing sound for event: minecraft:block.lodestone.step
[23:33:15] [main/WARN]: Missing sound for event: minecraft:block.lodestone.place
[23:33:15] [main/WARN]: Missing sound for event: minecraft:block.lodestone.hit
[23:33:15] [main/WARN]: Missing sound for event: minecraft:block.lodestone.fall
[23:33:15] [main/WARN]: Missing sound for event: minecraft:item.lodestone_compass.lock
[23:33:15] [main/WARN]: Missing sound for event: minecraft:entity.magma_cube.death
[23:33:15] [main/WARN]: Missing sound for event: minecraft:entity.magma_cube.hurt
[23:33:15] [main/WARN]: Missing sound for event: minecraft:entity.magma_cube.hurt_small
[23:33:15] [main/WARN]: Missing sound for event: minecraft:entity.magma_cube.jump
[23:33:15] [main/WARN]: Missing sound for event: minecraft:entity.magma_cube.squish
[23:33:15] [main/WARN]: Missing sound for event: minecraft:entity.magma_cube.squish_small
[23:33:15] [main/WARN]: Missing sound for event: minecraft:block.metal.break
[23:33:15] [main/WARN]: Missing sound for event: minecraft:block.metal.fall
[23:33:15] [main/WARN]: Missing sound for event: minecraft:block.metal.hit
[23:33:15] [main/WARN]: Missing sound for event: minecraft:block.metal.place
[23:33:15] [main/WARN]: Missing sound for event: minecraft:block.metal_pressure_plate.click_off
[23:33:15] [main/WARN]: Missing sound for event: minecraft:block.metal_pressure_plate.click_on
[23:33:15] [main/WARN]: Missing sound for event: minecraft:block.metal.step
[23:33:15] [main/WARN]: Missing sound for event: minecraft:entity.minecart.inside
[23:33:15] [main/WARN]: Missing sound for event: minecraft:entity.minecart.riding
[23:33:15] [main/WARN]: Missing sound for event: minecraft:entity.mooshroom.convert
[23:33:15] [main/WARN]: Missing sound for event: minecraft:entity.mooshroom.eat
[23:33:15] [main/WARN]: Missing sound for event: minecraft:entity.mooshroom.milk
[23:33:15] [main/WARN]: Missing sound for event: minecraft:entity.mooshroom.suspicious_milk
[23:33:15] [main/WARN]: Missing sound for event: minecraft:entity.mooshroom.shear
[23:33:15] [main/WARN]: Missing sound for event: minecraft:entity.mule.ambient
[23:33:15] [main/WARN]: Missing sound for event: minecraft:entity.mule.angry
[23:33:15] [main/WARN]: Missing sound for event: minecraft:entity.mule.chest
[23:33:15] [main/WARN]: Missing sound for event: minecraft:entity.mule.death
[23:33:15] [main/WARN]: Missing sound for event: minecraft:entity.mule.eat
[23:33:15] [main/WARN]: Missing sound for event: minecraft:entity.mule.hurt
[23:33:15] [main/WARN]: Missing sound for event: minecraft:music.creative
[23:33:15] [main/WARN]: Missing sound for event: minecraft:music.credits
[23:33:15] [main/WARN]: Missing sound for event: minecraft:music_disc.11
[23:33:15] [main/WARN]: Missing sound for event: minecraft:music_disc.13
[23:33:15] [main/WARN]: Missing sound for event: minecraft:music_disc.blocks
[23:33:15] [main/WARN]: Missing sound for event: minecraft:music_disc.cat
[23:33:15] [main/WARN]: Missing sound for event: minecraft:music_disc.chirp
[23:33:15] [main/WARN]: Missing sound for event: minecraft:music_disc.far
[23:33:15] [main/WARN]: Missing sound for event: minecraft:music_disc.mall
[23:33:15] [main/WARN]: Missing sound for event: minecraft:music_disc.mellohi
[23:33:15] [main/WARN]: Missing sound for event: minecraft:music_disc.pigstep
[23:33:15] [main/WARN]: Missing sound for event: minecraft:music_disc.stal
[23:33:15] [main/WARN]: Missing sound for event: minecraft:music_disc.strad
[23:33:15] [main/WARN]: Missing sound for event: minecraft:music_disc.wait
[23:33:15] [main/WARN]: Missing sound for event: minecraft:music_disc.ward
[23:33:15] [main/WARN]: Missing sound for event: minecraft:music.dragon
[23:33:15] [main/WARN]: Missing sound for event: minecraft:music.end
[23:33:15] [main/WARN]: Missing sound for event: minecraft:music.game
[23:33:15] [main/WARN]: Missing sound for event: minecraft:music.menu
[23:33:15] [main/WARN]: Missing sound for event: minecraft:music.nether.basalt_deltas
[23:33:15] [main/WARN]: Missing sound for event: minecraft:music.nether.nether_wastes
[23:33:15] [main/WARN]: Missing sound for event: minecraft:music.nether.soul_sand_valley
[23:33:15] [main/WARN]: Missing sound for event: minecraft:music.nether.crimson_forest
[23:33:15] [main/WARN]: Missing sound for event: minecraft:music.nether.warped_forest
[23:33:15] [main/WARN]: Missing sound for event: minecraft:music.under_water
[23:33:15] [main/WARN]: Missing sound for event: minecraft:block.nether_bricks.break
[23:33:15] [main/WARN]: Missing sound for event: minecraft:block.nether_bricks.step
[23:33:15] [main/WARN]: Missing sound for event: minecraft:block.nether_bricks.place
[23:33:15] [main/WARN]: Missing sound for event: minecraft:block.nether_bricks.hit
[23:33:15] [main/WARN]: Missing sound for event: minecraft:block.nether_bricks.fall
[23:33:15] [main/WARN]: Missing sound for event: minecraft:block.nether_wart.break
[23:33:15] [main/WARN]: Missing sound for event: minecraft:item.nether_wart.plant
[23:33:15] [main/WARN]: Missing sound for event: minecraft:block.stem.break
[23:33:15] [main/WARN]: Missing sound for event: minecraft:block.stem.step
[23:33:15] [main/WARN]: Missing sound for event: minecraft:block.stem.place
[23:33:15] [main/WARN]: Missing sound for event: minecraft:block.stem.hit
[23:33:15] [main/WARN]: Missing sound for event: minecraft:block.stem.fall
[23:33:15] [main/WARN]: Missing sound for event: minecraft:block.nylium.break
[23:33:15] [main/WARN]: Missing sound for event: minecraft:block.nylium.step
[23:33:15] [main/WARN]: Missing sound for event: minecraft:block.nylium.place
[23:33:15] [main/WARN]: Missing sound for event: minecraft:block.nylium.hit
[23:33:15] [main/WARN]: Missing sound for event: minecraft:block.nylium.fall
[23:33:15] [main/WARN]: Missing sound for event: minecraft:block.nether_sprouts.break
[23:33:15] [main/WARN]: Missing sound for event: minecraft:block.nether_sprouts.step
[23:33:15] [main/WARN]: Missing sound for event: minecraft:block.nether_sprouts.place
[23:33:15] [main/WARN]: Missing sound for event: minecraft:block.nether_sprouts.hit
[23:33:15] [main/WARN]: Missing sound for event: minecraft:block.nether_sprouts.fall
[23:33:15] [main/WARN]: Missing sound for event: minecraft:block.fungus.break
[23:33:15] [main/WARN]: Missing sound for event: minecraft:block.fungus.step
[23:33:15] [main/WARN]: Missing sound for event: minecraft:block.fungus.place
[23:33:15] [main/WARN]: Missing sound for event: minecraft:block.fungus.hit
[23:33:15] [main/WARN]: Missing sound for event: minecraft:block.fungus.fall
[23:33:15] [main/WARN]: Missing sound for event: minecraft:block.weeping_vines.break
[23:33:15] [main/WARN]: Missing sound for event: minecraft:block.weeping_vines.step
[23:33:15] [main/WARN]: Missing sound for event: minecraft:block.weeping_vines.place
[23:33:15] [main/WARN]: Missing sound for event: minecraft:block.weeping_vines.hit
[23:33:15] [main/WARN]: Missing sound for event: minecraft:block.weeping_vines.fall
[23:33:15] [main/WARN]: Missing sound for event: minecraft:block.wart_block.break
[23:33:15] [main/WARN]: Missing sound for event: minecraft:block.wart_block.step
[23:33:15] [main/WARN]: Missing sound for event: minecraft:block.wart_block.place
[23:33:15] [main/WARN]: Missing sound for event: minecraft:block.wart_block.hit
[23:33:15] [main/WARN]: Missing sound for event: minecraft:block.wart_block.fall
[23:33:15] [main/WARN]: Missing sound for event: minecraft:block.netherite_block.break
[23:33:15] [main/WARN]: Missing sound for event: minecraft:block.netherite_block.step
[23:33:15] [main/WARN]: Missing sound for event: minecraft:block.netherite_block.place
[23:33:15] [main/WARN]: Missing sound for event: minecraft:block.netherite_block.hit
[23:33:15] [main/WARN]: Missing sound for event: minecraft:block.netherite_block.fall
[23:33:15] [main/WARN]: Missing sound for event: minecraft:block.netherrack.break
[23:33:15] [main/WARN]: Missing sound for event: minecraft:block.netherrack.step
[23:33:15] [main/WARN]: Missing sound for event: minecraft:block.netherrack.place
[23:33:15] [main/WARN]: Missing sound for event: minecraft:block.netherrack.hit
[23:33:15] [main/WARN]: Missing sound for event: minecraft:block.netherrack.fall
[23:33:15] [main/WARN]: Missing sound for event: minecraft:block.note_block.basedrum
[23:33:15] [main/WARN]: Missing sound for event: minecraft:block.note_block.bass
[23:33:15] [main/WARN]: Missing sound for event: minecraft:block.note_block.bell
[23:33:15] [main/WARN]: Missing sound for event: minecraft:block.note_block.chime
[23:33:15] [main/WARN]: Missing sound for event: minecraft:block.note_block.flute
[23:33:15] [main/WARN]: Missing sound for event: minecraft:block.note_block.guitar
[23:33:15] [main/WARN]: Missing sound for event: minecraft:block.note_block.harp
[23:33:15] [main/WARN]: Missing sound for event: minecraft:block.note_block.hat
[23:33:15] [main/WARN]: Missing sound for event: minecraft:block.note_block.pling
[23:33:15] [main/WARN]: Missing sound for event: minecraft:block.note_block.snare
[23:33:15] [main/WARN]: Missing sound for event: minecraft:block.note_block.xylophone
[23:33:15] [main/WARN]: Missing sound for event: minecraft:block.note_block.iron_xylophone
[23:33:15] [main/WARN]: Missing sound for event: minecraft:block.note_block.cow_bell
[23:33:15] [main/WARN]: Missing sound for event: minecraft:block.note_block.didgeridoo
[23:33:15] [main/WARN]: Missing sound for event: minecraft:block.note_block.bit
[23:33:15] [main/WARN]: Missing sound for event: minecraft:block.note_block.banjo
[23:33:15] [main/WARN]: Missing sound for event: minecraft:entity.ocelot.hurt
[23:33:15] [main/WARN]: Missing sound for event: minecraft:entity.ocelot.ambient
[23:33:15] [main/WARN]: Missing sound for event: minecraft:entity.ocelot.death
[23:33:15] [main/WARN]: Missing sound for event: minecraft:entity.painting.break
[23:33:15] [main/WARN]: Missing sound for event: minecraft:entity.painting.place
[23:33:15] [main/WARN]: Missing sound for event: minecraft:entity.panda.pre_sneeze
[23:33:15] [main/WARN]: Missing sound for event: minecraft:entity.panda.sneeze
[23:33:15] [main/WARN]: Missing sound for event: minecraft:entity.panda.ambient
[23:33:15] [main/WARN]: Missing sound for event: minecraft:entity.panda.death
[23:33:15] [main/WARN]: Missing sound for event: minecraft:entity.panda.eat
[23:33:15] [main/WARN]: Missing sound for event: minecraft:entity.panda.step
[23:33:15] [main/WARN]: Missing sound for event: minecraft:entity.panda.cant_breed
[23:33:15] [main/WARN]: Missing sound for event: minecraft:entity.panda.aggressive_ambient
[23:33:15] [main/WARN]: Missing sound for event: minecraft:entity.panda.worried_ambient
[23:33:15] [main/WARN]: Missing sound for event: minecraft:entity.panda.hurt
[23:33:15] [main/WARN]: Missing sound for event: minecraft:entity.panda.bite
[23:33:15] [main/WARN]: Missing sound for event: minecraft:entity.parrot.ambient
[23:33:15] [main/WARN]: Missing sound for event: minecraft:entity.parrot.death
[23:33:15] [main/WARN]: Missing sound for event: minecraft:entity.parrot.eat
[23:33:15] [main/WARN]: Missing sound for event: minecraft:entity.parrot.fly
[23:33:15] [main/WARN]: Missing sound for event: minecraft:entity.parrot.hurt
[23:33:15] [main/WARN]: Missing sound for event: minecraft:entity.parrot.imitate.blaze
[23:33:15] [main/WARN]: Missing sound for event: minecraft:entity.parrot.imitate.creeper
[23:33:15] [main/WARN]: Missing sound for event: minecraft:entity.parrot.imitate.drowned
[23:33:15] [main/WARN]: Missing sound for event: minecraft:entity.parrot.imitate.elder_guardian
[23:33:15] [main/WARN]: Missing sound for event: minecraft:entity.parrot.imitate.ender_dragon
[23:33:15] [main/WARN]: Missing sound for event: minecraft:entity.parrot.imitate.endermite
[23:33:15] [main/WARN]: Missing sound for event: minecraft:entity.parrot.imitate.evoker
[23:33:15] [main/WARN]: Missing sound for event: minecraft:entity.parrot.imitate.ghast
[23:33:15] [main/WARN]: Missing sound for event: minecraft:entity.parrot.imitate.guardian
[23:33:15] [main/WARN]: Missing sound for event: minecraft:entity.parrot.imitate.hoglin
[23:33:15] [main/WARN]: Missing sound for event: minecraft:entity.parrot.imitate.husk
[23:33:15] [main/WARN]: Missing sound for event: minecraft:entity.parrot.imitate.illusioner
[23:33:15] [main/WARN]: Missing sound for event: minecraft:entity.parrot.imitate.magma_cube
[23:33:15] [main/WARN]: Missing sound for event: minecraft:entity.parrot.imitate.phantom
[23:33:15] [main/WARN]: Missing sound for event: minecraft:entity.parrot.imitate.piglin
[23:33:15] [main/WARN]: Missing sound for event: minecraft:entity.parrot.imitate.piglin_brute
[23:33:15] [main/WARN]: Missing sound for event: minecraft:entity.parrot.imitate.pillager
[23:33:15] [main/WARN]: Missing sound for event: minecraft:entity.parrot.imitate.ravager
[23:33:15] [main/WARN]: Missing sound for event: minecraft:entity.parrot.imitate.shulker
[23:33:15] [main/WARN]: Missing sound for event: minecraft:entity.parrot.imitate.silverfish
[23:33:15] [main/WARN]: Missing sound for event: minecraft:entity.parrot.imitate.skeleton
[23:33:15] [main/WARN]: Missing sound for event: minecraft:entity.parrot.imitate.slime
[23:33:15] [main/WARN]: Missing sound for event: minecraft:entity.parrot.imitate.spider
[23:33:15] [main/WARN]: Missing sound for event: minecraft:entity.parrot.imitate.stray
[23:33:15] [main/WARN]: Missing sound for event: minecraft:entity.parrot.imitate.vex
[23:33:15] [main/WARN]: Missing sound for event: minecraft:entity.parrot.imitate.vindicator
[23:33:15] [main/WARN]: Missing sound for event: minecraft:entity.parrot.imitate.witch
[23:33:15] [main/WARN]: Missing sound for event: minecraft:entity.parrot.imitate.wither
[23:33:15] [main/WARN]: Missing sound for event: minecraft:entity.parrot.imitate.wither_skeleton
[23:33:15] [main/WARN]: Missing sound for event: minecraft:entity.parrot.imitate.zoglin
[23:33:15] [main/WARN]: Missing sound for event: minecraft:entity.parrot.imitate.zombie
[23:33:15] [main/WARN]: Missing sound for event: minecraft:entity.parrot.imitate.zombie_villager
[23:33:15] [main/WARN]: Missing sound for event: minecraft:entity.parrot.step
[23:33:15] [main/WARN]: Missing sound for event: minecraft:entity.phantom.ambient
[23:33:15] [main/WARN]: Missing sound for event: minecraft:entity.phantom.bite
[23:33:15] [main/WARN]: Missing sound for event: minecraft:entity.phantom.death
[23:33:15] [main/WARN]: Missing sound for event: minecraft:entity.phantom.flap
[23:33:15] [main/WARN]: Missing sound for event: minecraft:entity.phantom.hurt
[23:33:15] [main/WARN]: Missing sound for event: minecraft:entity.phantom.swoop
[23:33:15] [main/WARN]: Missing sound for event: minecraft:entity.pig.ambient
[23:33:15] [main/WARN]: Missing sound for event: minecraft:entity.pig.death
[23:33:15] [main/WARN]: Missing sound for event: minecraft:entity.pig.hurt
[23:33:15] [main/WARN]: Missing sound for event: minecraft:entity.pig.saddle
[23:33:15] [main/WARN]: Missing sound for event: minecraft:entity.pig.step
[23:33:15] [main/WARN]: Missing sound for event: minecraft:entity.piglin.admiring_item
[23:33:15] [main/WARN]: Missing sound for event: minecraft:entity.piglin.ambient
[23:33:15] [main/WARN]: Missing sound for event: minecraft:entity.piglin.angry
[23:33:15] [main/WARN]: Missing sound for event: minecraft:entity.piglin.celebrate
[23:33:15] [main/WARN]: Missing sound for event: minecraft:entity.piglin.death
[23:33:15] [main/WARN]: Missing sound for event: minecraft:entity.piglin.jealous
[23:33:15] [main/WARN]: Missing sound for event: minecraft:entity.piglin.hurt
[23:33:15] [main/WARN]: Missing sound for event: minecraft:entity.piglin.retreat
[23:33:15] [main/WARN]: Missing sound for event: minecraft:entity.piglin.step
[23:33:15] [main/WARN]: Missing sound for event: minecraft:entity.piglin.converted_to_zombified
[23:33:15] [main/WARN]: Missing sound for event: minecraft:entity.piglin_brute.ambient
[23:33:15] [main/WARN]: Missing sound for event: minecraft:entity.piglin_brute.angry
[23:33:15] [main/WARN]: Missing sound for event: minecraft:entity.piglin_brute.death
[23:33:15] [main/WARN]: Missing sound for event: minecraft:entity.piglin_brute.hurt
[23:33:15] [main/WARN]: Missing sound for event: minecraft:entity.piglin_brute.step
[23:33:15] [main/WARN]: Missing sound for event: minecraft:entity.piglin_brute.converted_to_zombified
[23:33:15] [main/WARN]: Missing sound for event: minecraft:entity.pillager.ambient
[23:33:15] [main/WARN]: Missing sound for event: minecraft:entity.pillager.celebrate
[23:33:15] [main/WARN]: Missing sound for event: minecraft:entity.pillager.death
[23:33:15] [main/WARN]: Missing sound for event: minecraft:entity.pillager.hurt
[23:33:15] [main/WARN]: Missing sound for event: minecraft:block.piston.contract
[23:33:15] [main/WARN]: Missing sound for event: minecraft:block.piston.extend
[23:33:15] [main/WARN]: Missing sound for event: minecraft:entity.player.attack.crit
[23:33:15] [main/WARN]: Missing sound for event: minecraft:entity.player.attack.knockback
[23:33:15] [main/WARN]: Missing sound for event: minecraft:entity.player.attack.nodamage
[23:33:15] [main/WARN]: Missing sound for event: minecraft:entity.player.attack.strong
[23:33:15] [main/WARN]: Missing sound for event: minecraft:entity.player.attack.sweep
[23:33:15] [main/WARN]: Missing sound for event: minecraft:entity.player.attack.weak
[23:33:15] [main/WARN]: Missing sound for event: minecraft:entity.player.big_fall
[23:33:15] [main/WARN]: Missing sound for event: minecraft:entity.player.breath
[23:33:15] [main/WARN]: Missing sound for event: minecraft:entity.player.burp
[23:33:15] [main/WARN]: Missing sound for event: minecraft:entity.player.death
[23:33:15] [main/WARN]: Missing sound for event: minecraft:entity.player.hurt
[23:33:15] [main/WARN]: Missing sound for event: minecraft:entity.player.hurt_drown
[23:33:15] [main/WARN]: Missing sound for event: minecraft:entity.player.hurt_on_fire
[23:33:15] [main/WARN]: Missing sound for event: minecraft:entity.player.hurt_sweet_berry_bush
[23:33:15] [main/WARN]: Missing sound for event: minecraft:entity.player.levelup
[23:33:15] [main/WARN]: Missing sound for event: minecraft:entity.player.small_fall
[23:33:15] [main/WARN]: Missing sound for event: minecraft:entity.player.splash
[23:33:15] [main/WARN]: Missing sound for event: minecraft:entity.player.splash.high_speed
[23:33:15] [main/WARN]: Missing sound for event: minecraft:entity.player.swim
[23:33:15] [main/WARN]: Missing sound for event: minecraft:entity.polar_bear.ambient
[23:33:15] [main/WARN]: Missing sound for event: minecraft:entity.polar_bear.ambient_baby
[23:33:15] [main/WARN]: Missing sound for event: minecraft:entity.polar_bear.death
[23:33:15] [main/WARN]: Missing sound for event: minecraft:entity.polar_bear.hurt
[23:33:15] [main/WARN]: Missing sound for event: minecraft:entity.polar_bear.step
[23:33:15] [main/WARN]: Missing sound for event: minecraft:entity.polar_bear.warning
[23:33:15] [main/WARN]: Missing sound for event: minecraft:block.portal.ambient
[23:33:15] [main/WARN]: Missing sound for event: minecraft:block.portal.travel
[23:33:15] [main/WARN]: Missing sound for event: minecraft:block.portal.trigger
[23:33:15] [main/WARN]: Missing sound for event: minecraft:entity.puffer_fish.ambient
[23:33:15] [main/WARN]: Missing sound for event: minecraft:entity.puffer_fish.blow_out
[23:33:15] [main/WARN]: Missing sound for event: minecraft:entity.puffer_fish.blow_up
[23:33:15] [main/WARN]: Missing sound for event: minecraft:entity.puffer_fish.death
[23:33:15] [main/WARN]: Missing sound for event: minecraft:entity.puffer_fish.flop
[23:33:15] [main/WARN]: Missing sound for event: minecraft:entity.puffer_fish.hurt
[23:33:15] [main/WARN]: Missing sound for event: minecraft:entity.puffer_fish.sting
[23:33:15] [main/WARN]: Missing sound for event: minecraft:block.pumpkin.carve
[23:33:15] [main/WARN]: Missing sound for event: minecraft:entity.rabbit.ambient
[23:33:15] [main/WARN]: Missing sound for event: minecraft:entity.rabbit.attack
[23:33:15] [main/WARN]: Missing sound for event: minecraft:entity.rabbit.death
[23:33:15] [main/WARN]: Missing sound for event: minecraft:entity.rabbit.hurt
[23:33:15] [main/WARN]: Missing sound for event: minecraft:entity.rabbit.jump
[23:33:15] [main/WARN]: Missing sound for event: minecraft:event.raid.horn
[23:33:15] [main/WARN]: Missing sound for event: minecraft:entity.ravager.ambient
[23:33:15] [main/WARN]: Missing sound for event: minecraft:entity.ravager.attack
[23:33:15] [main/WARN]: Missing sound for event: minecraft:entity.ravager.celebrate
[23:33:15] [main/WARN]: Missing sound for event: minecraft:entity.ravager.death
[23:33:15] [main/WARN]: Missing sound for event: minecraft:entity.ravager.hurt
[23:33:15] [main/WARN]: Missing sound for event: minecraft:entity.ravager.step
[23:33:15] [main/WARN]: Missing sound for event: minecraft:entity.ravager.stunned
[23:33:15] [main/WARN]: Missing sound for event: minecraft:entity.ravager.roar
[23:33:15] [main/WARN]: Missing sound for event: minecraft:block.nether_gold_ore.break
[23:33:15] [main/WARN]: Missing sound for event: minecraft:block.nether_gold_ore.fall
[23:33:15] [main/WARN]: Missing sound for event: minecraft:block.nether_gold_ore.hit
[23:33:15] [main/WARN]: Missing sound for event: minecraft:block.nether_gold_ore.place
[23:33:15] [main/WARN]: Missing sound for event: minecraft:block.nether_gold_ore.step
[23:33:15] [main/WARN]: Missing sound for event: minecraft:block.nether_ore.break
[23:33:15] [main/WARN]: Missing sound for event: minecraft:block.nether_ore.fall
[23:33:15] [main/WARN]: Missing sound for event: minecraft:block.nether_ore.hit
[23:33:15] [main/WARN]: Missing sound for event: minecraft:block.nether_ore.place
[23:33:15] [main/WARN]: Missing sound for event: minecraft:block.nether_ore.step
[23:33:15] [main/WARN]: Missing sound for event: minecraft:block.redstone_torch.burnout
[23:33:15] [main/WARN]: Missing sound for event: minecraft:block.respawn_anchor.ambient
[23:33:15] [main/WARN]: Missing sound for event: minecraft:block.respawn_anchor.charge
[23:33:15] [main/WARN]: Missing sound for event: minecraft:block.respawn_anchor.deplete
[23:33:15] [main/WARN]: Missing sound for event: minecraft:block.respawn_anchor.set_spawn
[23:33:15] [main/WARN]: Missing sound for event: minecraft:entity.salmon.ambient
[23:33:15] [main/WARN]: Missing sound for event: minecraft:entity.salmon.death
[23:33:15] [main/WARN]: Missing sound for event: minecraft:entity.salmon.flop
[23:33:15] [main/WARN]: Missing sound for event: minecraft:entity.salmon.hurt
[23:33:15] [main/WARN]: Missing sound for event: minecraft:block.sand.break
[23:33:15] [main/WARN]: Missing sound for event: minecraft:block.sand.fall
[23:33:15] [main/WARN]: Missing sound for event: minecraft:block.sand.hit
[23:33:15] [main/WARN]: Missing sound for event: minecraft:block.sand.place
[23:33:15] [main/WARN]: Missing sound for event: minecraft:block.sand.step
[23:33:15] [main/WARN]: Missing sound for event: minecraft:block.scaffolding.break
[23:33:15] [main/WARN]: Missing sound for event: minecraft:block.scaffolding.fall
[23:33:15] [main/WARN]: Missing sound for event: minecraft:block.scaffolding.hit
[23:33:15] [main/WARN]: Missing sound for event: minecraft:block.scaffolding.place
[23:33:15] [main/WARN]: Missing sound for event: minecraft:block.scaffolding.step
[23:33:15] [main/WARN]: Missing sound for event: minecraft:entity.sheep.ambient
[23:33:15] [main/WARN]: Missing sound for event: minecraft:entity.sheep.death
[23:33:15] [main/WARN]: Missing sound for event: minecraft:entity.sheep.hurt
[23:33:15] [main/WARN]: Missing sound for event: minecraft:entity.sheep.shear
[23:33:15] [main/WARN]: Missing sound for event: minecraft:entity.sheep.step
[23:33:15] [main/WARN]: Missing sound for event: minecraft:item.shield.block
[23:33:15] [main/WARN]: Missing sound for event: minecraft:item.shield.break
[23:33:15] [main/WARN]: Missing sound for event: minecraft:block.shroomlight.break
[23:33:15] [main/WARN]: Missing sound for event: minecraft:block.shroomlight.step
[23:33:15] [main/WARN]: Missing sound for event: minecraft:block.shroomlight.place
[23:33:15] [main/WARN]: Missing sound for event: minecraft:block.shroomlight.hit
[23:33:15] [main/WARN]: Missing sound for event: minecraft:block.shroomlight.fall
[23:33:15] [main/WARN]: Missing sound for event: minecraft:item.shovel.flatten
[23:33:15] [main/WARN]: Missing sound for event: minecraft:entity.shulker.ambient
[23:33:15] [main/WARN]: Missing sound for event: minecraft:block.shulker_box.close
[23:33:15] [main/WARN]: Missing sound for event: minecraft:block.shulker_box.open
[23:33:15] [main/WARN]: Missing sound for event: minecraft:entity.shulker_bullet.hit
[23:33:15] [main/WARN]: Missing sound for event: minecraft:entity.shulker_bullet.hurt
[23:33:15] [main/WARN]: Missing sound for event: minecraft:entity.shulker.close
[23:33:15] [main/WARN]: Missing sound for event: minecraft:entity.shulker.death
[23:33:15] [main/WARN]: Missing sound for event: minecraft:entity.shulker.hurt
[23:33:15] [main/WARN]: Missing sound for event: minecraft:entity.shulker.hurt_closed
[23:33:15] [main/WARN]: Missing sound for event: minecraft:entity.shulker.open
[23:33:15] [main/WARN]: Missing sound for event: minecraft:entity.shulker.shoot
[23:33:15] [main/WARN]: Missing sound for event: minecraft:entity.shulker.teleport
[23:33:15] [main/WARN]: Missing sound for event: minecraft:entity.silverfish.ambient
[23:33:15] [main/WARN]: Missing sound for event: minecraft:entity.silverfish.death
[23:33:15] [main/WARN]: Missing sound for event: minecraft:entity.silverfish.hurt
[23:33:15] [main/WARN]: Missing sound for event: minecraft:entity.silverfish.step
[23:33:15] [main/WARN]: Missing sound for event: minecraft:entity.skeleton.ambient
[23:33:15] [main/WARN]: Missing sound for event: minecraft:entity.skeleton.death
[23:33:15] [main/WARN]: Missing sound for event: minecraft:entity.skeleton_horse.ambient
[23:33:15] [main/WARN]: Missing sound for event: minecraft:entity.skeleton_horse.death
[23:33:15] [main/WARN]: Missing sound for event: minecraft:entity.skeleton_horse.hurt
[23:33:15] [main/WARN]: Missing sound for event: minecraft:entity.skeleton_horse.swim
[23:33:15] [main/WARN]: Missing sound for event: minecraft:entity.skeleton_horse.ambient_water
[23:33:15] [main/WARN]: Missing sound for event: minecraft:entity.skeleton_horse.gallop_water
[23:33:15] [main/WARN]: Missing sound for event: minecraft:entity.skeleton_horse.jump_water
[23:33:15] [main/WARN]: Missing sound for event: minecraft:entity.skeleton_horse.step_water
[23:33:15] [main/WARN]: Missing sound for event: minecraft:entity.skeleton.hurt
[23:33:15] [main/WARN]: Missing sound for event: minecraft:entity.skeleton.shoot
[23:33:15] [main/WARN]: Missing sound for event: minecraft:entity.skeleton.step
[23:33:15] [main/WARN]: Missing sound for event: minecraft:entity.slime.attack
[23:33:15] [main/WARN]: Missing sound for event: minecraft:entity.slime.death
[23:33:15] [main/WARN]: Missing sound for event: minecraft:entity.slime.hurt
[23:33:15] [main/WARN]: Missing sound for event: minecraft:entity.slime.jump
[23:33:15] [main/WARN]: Missing sound for event: minecraft:entity.slime.squish
[23:33:15] [main/WARN]: Missing sound for event: minecraft:block.slime_block.break
[23:33:15] [main/WARN]: Missing sound for event: minecraft:block.slime_block.fall
[23:33:15] [main/WARN]: Missing sound for event: minecraft:block.slime_block.hit
[23:33:15] [main/WARN]: Missing sound for event: minecraft:block.slime_block.place
[23:33:15] [main/WARN]: Missing sound for event: minecraft:block.slime_block.step
[23:33:15] [main/WARN]: Missing sound for event: minecraft:block.soul_sand.break
[23:33:15] [main/WARN]: Missing sound for event: minecraft:block.soul_sand.step
[23:33:15] [main/WARN]: Missing sound for event: minecraft:block.soul_sand.place
[23:33:15] [main/WARN]: Missing sound for event: minecraft:block.soul_sand.hit
[23:33:15] [main/WARN]: Missing sound for event: minecraft:block.soul_sand.fall
[23:33:15] [main/WARN]: Missing sound for event: minecraft:block.soul_soil.break
[23:33:15] [main/WARN]: Missing sound for event: minecraft:block.soul_soil.step
[23:33:15] [main/WARN]: Missing sound for event: minecraft:block.soul_soil.place
[23:33:15] [main/WARN]: Missing sound for event: minecraft:block.soul_soil.hit
[23:33:15] [main/WARN]: Missing sound for event: minecraft:block.soul_soil.fall
[23:33:15] [main/WARN]: Missing sound for event: minecraft:particle.soul_escape
[23:33:15] [main/WARN]: Missing sound for event: minecraft:entity.strider.ambient
[23:33:15] [main/WARN]: Missing sound for event: minecraft:entity.strider.happy
[23:33:15] [main/WARN]: Missing sound for event: minecraft:entity.strider.retreat
[23:33:15] [main/WARN]: Missing sound for event: minecraft:entity.strider.death
[23:33:15] [main/WARN]: Missing sound for event: minecraft:entity.strider.hurt
[23:33:15] [main/WARN]: Missing sound for event: minecraft:entity.strider.step
[23:33:15] [main/WARN]: Missing sound for event: minecraft:entity.strider.step_lava
[23:33:15] [main/WARN]: Missing sound for event: minecraft:entity.strider.eat
[23:33:15] [main/WARN]: Missing sound for event: minecraft:entity.strider.saddle
[23:33:15] [main/WARN]: Missing sound for event: minecraft:entity.slime.death_small
[23:33:15] [main/WARN]: Missing sound for event: minecraft:entity.slime.hurt_small
[23:33:15] [main/WARN]: Missing sound for event: minecraft:entity.slime.jump_small
[23:33:15] [main/WARN]: Missing sound for event: minecraft:entity.slime.squish_small
[23:33:15] [main/WARN]: Missing sound for event: minecraft:block.smithing_table.use
[23:33:15] [main/WARN]: Missing sound for event: minecraft:block.smoker.smoke
[23:33:15] [main/WARN]: Missing sound for event: minecraft:entity.snowball.throw
[23:33:15] [main/WARN]: Missing sound for event: minecraft:block.snow.break
[23:33:15] [main/WARN]: Missing sound for event: minecraft:block.snow.fall
[23:33:15] [main/WARN]: Missing sound for event: minecraft:entity.snow_golem.ambient
[23:33:15] [main/WARN]: Missing sound for event: minecraft:entity.snow_golem.death
[23:33:15] [main/WARN]: Missing sound for event: minecraft:entity.snow_golem.hurt
[23:33:15] [main/WARN]: Missing sound for event: minecraft:entity.snow_golem.shoot
[23:33:15] [main/WARN]: Missing sound for event: minecraft:entity.snow_golem.shear
[23:33:15] [main/WARN]: Missing sound for event: minecraft:block.snow.hit
[23:33:15] [main/WARN]: Missing sound for event: minecraft:block.snow.place
[23:33:15] [main/WARN]: Missing sound for event: minecraft:block.snow.step
[23:33:15] [main/WARN]: Missing sound for event: minecraft:entity.spider.ambient
[23:33:15] [main/WARN]: Missing sound for event: minecraft:entity.spider.death
[23:33:15] [main/WARN]: Missing sound for event: minecraft:entity.spider.hurt
[23:33:15] [main/WARN]: Missing sound for event: minecraft:entity.spider.step
[23:33:15] [main/WARN]: Missing sound for event: minecraft:entity.splash_potion.break
[23:33:15] [main/WARN]: Missing sound for event: minecraft:entity.splash_potion.throw
[23:33:15] [main/WARN]: Missing sound for event: minecraft:entity.squid.ambient
[23:33:15] [main/WARN]: Missing sound for event: minecraft:entity.squid.death
[23:33:15] [main/WARN]: Missing sound for event: minecraft:entity.squid.hurt
[23:33:15] [main/WARN]: Missing sound for event: minecraft:entity.squid.squirt
[23:33:15] [main/WARN]: Missing sound for event: minecraft:block.stone.break
[23:33:15] [main/WARN]: Missing sound for event: minecraft:block.stone_button.click_off
[23:33:15] [main/WARN]: Missing sound for event: minecraft:block.stone_button.click_on
[23:33:15] [main/WARN]: Missing sound for event: minecraft:block.stone.fall
[23:33:15] [main/WARN]: Missing sound for event: minecraft:block.stone.hit
[23:33:15] [main/WARN]: Missing sound for event: minecraft:block.stone.place
[23:33:15] [main/WARN]: Missing sound for event: minecraft:block.stone_pressure_plate.click_off
[23:33:15] [main/WARN]: Missing sound for event: minecraft:block.stone_pressure_plate.click_on
[23:33:15] [main/WARN]: Missing sound for event: minecraft:block.stone.step
[23:33:15] [main/WARN]: Missing sound for event: minecraft:entity.stray.ambient
[23:33:15] [main/WARN]: Missing sound for event: minecraft:entity.stray.death
[23:33:15] [main/WARN]: Missing sound for event: minecraft:entity.stray.hurt
[23:33:15] [main/WARN]: Missing sound for event: minecraft:entity.stray.step
[23:33:15] [main/WARN]: Missing sound for event: minecraft:block.sweet_berry_bush.break
[23:33:15] [main/WARN]: Missing sound for event: minecraft:block.sweet_berry_bush.place
[23:33:15] [main/WARN]: Missing sound for event: minecraft:item.sweet_berries.pick_from_bush
[23:33:15] [main/WARN]: Missing sound for event: minecraft:enchant.thorns.hit
[23:33:15] [main/WARN]: Missing sound for event: minecraft:entity.tnt.primed
[23:33:15] [main/WARN]: Missing sound for event: minecraft:item.totem.use
[23:33:15] [main/WARN]: Missing sound for event: minecraft:item.trident.hit
[23:33:15] [main/WARN]: Missing sound for event: minecraft:item.trident.hit_ground
[23:33:15] [main/WARN]: Missing sound for event: minecraft:item.trident.return
[23:33:15] [main/WARN]: Missing sound for event: minecraft:item.trident.riptide_1
[23:33:15] [main/WARN]: Missing sound for event: minecraft:item.trident.riptide_2
[23:33:15] [main/WARN]: Missing sound for event: minecraft:item.trident.riptide_3
[23:33:15] [main/WARN]: Missing sound for event: minecraft:item.trident.throw
[23:33:15] [main/WARN]: Missing sound for event: minecraft:item.trident.thunder
[23:33:15] [main/WARN]: Missing sound for event: minecraft:block.tripwire.attach
[23:33:15] [main/WARN]: Missing sound for event: minecraft:block.tripwire.click_off
[23:33:15] [main/WARN]: Missing sound for event: minecraft:block.tripwire.click_on
[23:33:15] [main/WARN]: Missing sound for event: minecraft:block.tripwire.detach
[23:33:15] [main/WARN]: Missing sound for event: minecraft:entity.tropical_fish.ambient
[23:33:15] [main/WARN]: Missing sound for event: minecraft:entity.tropical_fish.death
[23:33:15] [main/WARN]: Missing sound for event: minecraft:entity.tropical_fish.flop
[23:33:15] [main/WARN]: Missing sound for event: minecraft:entity.tropical_fish.hurt
[23:33:15] [main/WARN]: Missing sound for event: minecraft:entity.turtle.ambient_land
[23:33:15] [main/WARN]: Missing sound for event: minecraft:entity.turtle.death
[23:33:15] [main/WARN]: Missing sound for event: minecraft:entity.turtle.death_baby
[23:33:15] [main/WARN]: Missing sound for event: minecraft:entity.turtle.egg_break
[23:33:15] [main/WARN]: Missing sound for event: minecraft:entity.turtle.egg_crack
[23:33:15] [main/WARN]: Missing sound for event: minecraft:entity.turtle.egg_hatch
[23:33:15] [main/WARN]: Missing sound for event: minecraft:entity.turtle.hurt
[23:33:15] [main/WARN]: Missing sound for event: minecraft:entity.turtle.hurt_baby
[23:33:15] [main/WARN]: Missing sound for event: minecraft:entity.turtle.lay_egg
[23:33:15] [main/WARN]: Missing sound for event: minecraft:entity.turtle.shamble
[23:33:15] [main/WARN]: Missing sound for event: minecraft:entity.turtle.shamble_baby
[23:33:15] [main/WARN]: Missing sound for event: minecraft:entity.turtle.swim
[23:33:15] [main/WARN]: Missing sound for event: minecraft:ui.button.click
[23:33:15] [main/WARN]: Missing sound for event: minecraft:ui.loom.select_pattern
[23:33:15] [main/WARN]: Missing sound for event: minecraft:ui.loom.take_result
[23:33:15] [main/WARN]: Missing sound for event: minecraft:ui.cartography_table.take_result
[23:33:15] [main/WARN]: Missing sound for event: minecraft:ui.stonecutter.take_result
[23:33:15] [main/WARN]: Missing sound for event: minecraft:ui.stonecutter.select_recipe
[23:33:15] [main/WARN]: Missing sound for event: minecraft:ui.toast.challenge_complete
[23:33:15] [main/WARN]: Missing sound for event: minecraft:ui.toast.in
[23:33:15] [main/WARN]: Missing sound for event: minecraft:ui.toast.out
[23:33:15] [main/WARN]: Missing sound for event: minecraft:entity.vex.ambient
[23:33:15] [main/WARN]: Missing sound for event: minecraft:entity.vex.charge
[23:33:15] [main/WARN]: Missing sound for event: minecraft:entity.vex.death
[23:33:15] [main/WARN]: Missing sound for event: minecraft:entity.vex.hurt
[23:33:15] [main/WARN]: Missing sound for event: minecraft:entity.villager.ambient
[23:33:15] [main/WARN]: Missing sound for event: minecraft:entity.villager.celebrate
[23:33:15] [main/WARN]: Missing sound for event: minecraft:entity.villager.death
[23:33:15] [main/WARN]: Missing sound for event: minecraft:entity.villager.hurt
[23:33:15] [main/WARN]: Missing sound for event: minecraft:entity.villager.no
[23:33:15] [main/WARN]: Missing sound for event: minecraft:entity.villager.trade
[23:33:15] [main/WARN]: Missing sound for event: minecraft:entity.villager.yes
[23:33:15] [main/WARN]: Missing sound for event: minecraft:entity.villager.work_armorer
[23:33:15] [main/WARN]: Missing sound for event: minecraft:entity.villager.work_butcher
[23:33:15] [main/WARN]: Missing sound for event: minecraft:entity.villager.work_cartographer
[23:33:15] [main/WARN]: Missing sound for event: minecraft:entity.villager.work_cleric
[23:33:15] [main/WARN]: Missing sound for event: minecraft:entity.villager.work_farmer
[23:33:15] [main/WARN]: Missing sound for event: minecraft:entity.villager.work_fisherman
[23:33:15] [main/WARN]: Missing sound for event: minecraft:entity.villager.work_fletcher
[23:33:15] [main/WARN]: Missing sound for event: minecraft:entity.villager.work_leatherworker
[23:33:15] [main/WARN]: Missing sound for event: minecraft:entity.villager.work_librarian
[23:33:15] [main/WARN]: Missing sound for event: minecraft:entity.villager.work_mason
[23:33:15] [main/WARN]: Missing sound for event: minecraft:entity.villager.work_shepherd
[23:33:15] [main/WARN]: Missing sound for event: minecraft:entity.villager.work_toolsmith
[23:33:15] [main/WARN]: Missing sound for event: minecraft:entity.villager.work_weaponsmith
[23:33:15] [main/WARN]: Missing sound for event: minecraft:entity.vindicator.ambient
[23:33:15] [main/WARN]: Missing sound for event: minecraft:entity.vindicator.celebrate
[23:33:15] [main/WARN]: Missing sound for event: minecraft:entity.vindicator.death
[23:33:15] [main/WARN]: Missing sound for event: minecraft:entity.vindicator.hurt
[23:33:15] [main/WARN]: Missing sound for event: minecraft:block.vine.step
[23:33:15] [main/WARN]: Missing sound for event: minecraft:block.lily_pad.place
[23:33:15] [main/WARN]: Missing sound for event: minecraft:entity.wandering_trader.ambient
[23:33:15] [main/WARN]: Missing sound for event: minecraft:entity.wandering_trader.death
[23:33:15] [main/WARN]: Missing sound for event: minecraft:entity.wandering_trader.disappeared
[23:33:15] [main/WARN]: Missing sound for event: minecraft:entity.wandering_trader.drink_milk
[23:33:15] [main/WARN]: Missing sound for event: minecraft:entity.wandering_trader.drink_potion
[23:33:15] [main/WARN]: Missing sound for event: minecraft:entity.wandering_trader.hurt
[23:33:15] [main/WARN]: Missing sound for event: minecraft:entity.wandering_trader.no
[23:33:15] [main/WARN]: Missing sound for event: minecraft:entity.wandering_trader.reappeared
[23:33:15] [main/WARN]: Missing sound for event: minecraft:entity.wandering_trader.trade
[23:33:15] [main/WARN]: Missing sound for event: minecraft:entity.wandering_trader.yes
[23:33:15] [main/WARN]: Missing sound for event: minecraft:block.water.ambient
[23:33:15] [main/WARN]: Missing sound for event: minecraft:weather.rain
[23:33:15] [main/WARN]: Missing sound for event: minecraft:weather.rain.above
[23:33:15] [main/WARN]: Missing sound for event: minecraft:block.wet_grass.break
[23:33:15] [main/WARN]: Missing sound for event: minecraft:block.wet_grass.fall
[23:33:15] [main/WARN]: Missing sound for event: minecraft:block.wet_grass.hit
[23:33:15] [main/WARN]: Missing sound for event: minecraft:block.wet_grass.place
[23:33:15] [main/WARN]: Missing sound for event: minecraft:block.wet_grass.step
[23:33:15] [main/WARN]: Missing sound for event: minecraft:entity.witch.ambient
[23:33:15] [main/WARN]: Missing sound for event: minecraft:entity.witch.celebrate
[23:33:15] [main/WARN]: Missing sound for event: minecraft:entity.witch.death
[23:33:15] [main/WARN]: Missing sound for event: minecraft:entity.witch.drink
[23:33:15] [main/WARN]: Missing sound for event: minecraft:entity.witch.hurt
[23:33:15] [main/WARN]: Missing sound for event: minecraft:entity.witch.throw
[23:33:15] [main/WARN]: Missing sound for event: minecraft:entity.wither.ambient
[23:33:15] [main/WARN]: Missing sound for event: minecraft:entity.wither.break_block
[23:33:15] [main/WARN]: Missing sound for event: minecraft:entity.wither.death
[23:33:15] [main/WARN]: Missing sound for event: minecraft:entity.wither.hurt
[23:33:15] [main/WARN]: Missing sound for event: minecraft:entity.wither.shoot
[23:33:15] [main/WARN]: Missing sound for event: minecraft:entity.wither_skeleton.ambient
[23:33:15] [main/WARN]: Missing sound for event: minecraft:entity.wither_skeleton.death
[23:33:15] [main/WARN]: Missing sound for event: minecraft:entity.wither_skeleton.hurt
[23:33:15] [main/WARN]: Missing sound for event: minecraft:entity.wither_skeleton.step
[23:33:15] [main/WARN]: Missing sound for event: minecraft:entity.wither.spawn
[23:33:15] [main/WARN]: Missing sound for event: minecraft:entity.wolf.ambient
[23:33:15] [main/WARN]: Missing sound for event: minecraft:entity.wolf.death
[23:33:15] [main/WARN]: Missing sound for event: minecraft:entity.wolf.growl
[23:33:15] [main/WARN]: Missing sound for event: minecraft:entity.wolf.howl
[23:33:15] [main/WARN]: Missing sound for event: minecraft:entity.wolf.hurt
[23:33:15] [main/WARN]: Missing sound for event: minecraft:entity.wolf.pant
[23:33:15] [main/WARN]: Missing sound for event: minecraft:entity.wolf.shake
[23:33:15] [main/WARN]: Missing sound for event: minecraft:entity.wolf.step
[23:33:15] [main/WARN]: Missing sound for event: minecraft:entity.wolf.whine
[23:33:15] [main/WARN]: Missing sound for event: minecraft:block.wooden_door.close
[23:33:15] [main/WARN]: Missing sound for event: minecraft:block.wooden_door.open
[23:33:15] [main/WARN]: Missing sound for event: minecraft:block.wooden_trapdoor.close
[23:33:15] [main/WARN]: Missing sound for event: minecraft:block.wooden_trapdoor.open
[23:33:15] [main/WARN]: Missing sound for event: minecraft:block.wood.break
[23:33:15] [main/WARN]: Missing sound for event: minecraft:block.wooden_button.click_off
[23:33:15] [main/WARN]: Missing sound for event: minecraft:block.wooden_button.click_on
[23:33:15] [main/WARN]: Missing sound for event: minecraft:block.wood.fall
[23:33:15] [main/WARN]: Missing sound for event: minecraft:block.wood.hit
[23:33:15] [main/WARN]: Missing sound for event: minecraft:block.wood.place
[23:33:15] [main/WARN]: Missing sound for event: minecraft:block.wooden_pressure_plate.click_off
[23:33:15] [main/WARN]: Missing sound for event: minecraft:block.wooden_pressure_plate.click_on
[23:33:15] [main/WARN]: Missing sound for event: minecraft:block.wood.step
[23:33:15] [main/WARN]: Missing sound for event: minecraft:block.wool.break
[23:33:15] [main/WARN]: Missing sound for event: minecraft:block.wool.fall
[23:33:15] [main/WARN]: Missing sound for event: minecraft:block.wool.hit
[23:33:15] [main/WARN]: Missing sound for event: minecraft:block.wool.place
[23:33:15] [main/WARN]: Missing sound for event: minecraft:block.wool.step
[23:33:15] [main/WARN]: Missing sound for event: minecraft:entity.zoglin.ambient
[23:33:15] [main/WARN]: Missing sound for event: minecraft:entity.zoglin.angry
[23:33:15] [main/WARN]: Missing sound for event: minecraft:entity.zoglin.attack
[23:33:15] [main/WARN]: Missing sound for event: minecraft:entity.zoglin.death
[23:33:15] [main/WARN]: Missing sound for event: minecraft:entity.zoglin.hurt
[23:33:15] [main/WARN]: Missing sound for event: minecraft:entity.zoglin.step
[23:33:15] [main/WARN]: Missing sound for event: minecraft:entity.zombie.ambient
[23:33:15] [main/WARN]: Missing sound for event: minecraft:entity.zombie.attack_wooden_door
[23:33:15] [main/WARN]: Missing sound for event: minecraft:entity.zombie.attack_iron_door
[23:33:15] [main/WARN]: Missing sound for event: minecraft:entity.zombie.break_wooden_door
[23:33:15] [main/WARN]: Missing sound for event: minecraft:entity.zombie.converted_to_drowned
[23:33:15] [main/WARN]: Missing sound for event: minecraft:entity.zombie.death
[23:33:15] [main/WARN]: Missing sound for event: minecraft:entity.zombie.destroy_egg
[23:33:15] [main/WARN]: Missing sound for event: minecraft:entity.zombie_horse.ambient
[23:33:15] [main/WARN]: Missing sound for event: minecraft:entity.zombie_horse.death
[23:33:15] [main/WARN]: Missing sound for event: minecraft:entity.zombie_horse.hurt
[23:33:15] [main/WARN]: Missing sound for event: minecraft:entity.zombie.hurt
[23:33:15] [main/WARN]: Missing sound for event: minecraft:entity.zombie.infect
[23:33:15] [main/WARN]: Missing sound for event: minecraft:entity.zombified_piglin.ambient
[23:33:15] [main/WARN]: Missing sound for event: minecraft:entity.zombified_piglin.angry
[23:33:15] [main/WARN]: Missing sound for event: minecraft:entity.zombified_piglin.death
[23:33:15] [main/WARN]: Missing sound for event: minecraft:entity.zombified_piglin.hurt
[23:33:15] [main/WARN]: Missing sound for event: minecraft:entity.zombie.step
[23:33:15] [main/WARN]: Missing sound for event: minecraft:entity.zombie_villager.ambient
[23:33:15] [main/WARN]: Missing sound for event: minecraft:entity.zombie_villager.converted
[23:33:15] [main/WARN]: Missing sound for event: minecraft:entity.zombie_villager.cure
[23:33:15] [main/WARN]: Missing sound for event: minecraft:entity.zombie_villager.death
[23:33:15] [main/WARN]: Missing sound for event: minecraft:entity.zombie_villager.hurt
[23:33:15] [main/WARN]: Missing sound for event: minecraft:entity.zombie_villager.step
[23:33:15] [main/INFO]: [STDERR]: [LWJGL] [ERROR] Incompatible Java and native library versions detected.
Possible reasons:
	a) -Djava.library.path is set to a folder containing shared libraries of an older LWJGL version.
	b) The classpath contains jar files of an older LWJGL version.
Possible solutions:
	a) Make sure to not set -Djava.library.path (it is not needed for developing with LWJGL 3) or make
	   sure the folder it points to contains the shared libraries of the correct LWJGL version.
	b) Check the classpath and make sure to only have jar files of the same LWJGL version in it.
[23:33:15] [main/INFO]: OpenAL initialized.
[23:33:15] [main/INFO]: Sound engine started
[23:33:15] [main/INFO]: Created: 1024x512x4 minecraft:textures/atlas/blocks.png-atlas
[23:33:15] [main/INFO]: [OptiFine] Animated sprites: 43
[23:33:15] [main/INFO]: Created: 256x128x4 minecraft:textures/atlas/signs.png-atlas
[23:33:15] [main/INFO]: [OptiFine] Animated sprites: 0
[23:33:15] [main/INFO]: Created: 512x512x4 minecraft:textures/atlas/banner_patterns.png-atlas
[23:33:15] [main/INFO]: [OptiFine] Animated sprites: 0
[23:33:15] [main/INFO]: Created: 512x512x4 minecraft:textures/atlas/shield_patterns.png-atlas
[23:33:15] [main/INFO]: [OptiFine] Animated sprites: 0
[23:33:15] [main/INFO]: Created: 256x256x4 minecraft:textures/atlas/chest.png-atlas
[23:33:15] [main/INFO]: [OptiFine] Animated sprites: 0
[23:33:15] [main/INFO]: Created: 512x256x4 minecraft:textures/atlas/beds.png-atlas
[23:33:15] [main/INFO]: [OptiFine] Animated sprites: 0
[23:33:15] [main/INFO]: Created: 512x256x4 minecraft:textures/atlas/shulker_boxes.png-atlas
[23:33:15] [main/INFO]: [OptiFine] Animated sprites: 0
[23:33:16] [main/INFO]: Created: 256x256x0 minecraft:textures/atlas/particles.png-atlas
[23:33:16] [main/INFO]: [OptiFine] Animated sprites: 0
[23:33:16] [main/INFO]: Created: 256x256x0 minecraft:textures/atlas/paintings.png-atlas
[23:33:16] [main/INFO]: [OptiFine] Animated sprites: 0
[23:33:16] [main/INFO]: Created: 128x128x0 minecraft:textures/atlas/mob_effects.png-atlas
[23:33:16] [main/INFO]: [OptiFine] Animated sprites: 0
[23:33:16] [main/INFO]: [OptiFine] *** Reloading custom textures ***
[23:33:22] [main/INFO]: [OptiFine] Disable Forge light pipeline
[23:33:31] [main/WARN]: Ambiguity between arguments [teleport, destination] and [teleport, targets] with inputs: [Player, 0123, @e, dd12be42-52a9-4a91-a8a1-11c01849e498]
[23:33:31] [main/WARN]: Ambiguity between arguments [teleport, location] and [teleport, destination] with inputs: [0.1 -0.5 .9, 0 0 0]
[23:33:31] [main/WARN]: Ambiguity between arguments [teleport, location] and [teleport, targets] with inputs: [0.1 -0.5 .9, 0 0 0]
[23:33:31] [main/WARN]: Ambiguity between arguments [teleport, targets] and [teleport, destination] with inputs: [Player, 0123, dd12be42-52a9-4a91-a8a1-11c01849e498]
[23:33:31] [main/WARN]: Ambiguity between arguments [teleport, targets, location] and [teleport, targets, destination] with inputs: [0.1 -0.5 .9, 0 0 0]
[23:33:31] [main/INFO]: Reloading ResourceManager: Default
[23:33:37] [main/INFO]: Loaded 7 recipes
[23:33:37] [main/INFO]: Loaded 927 advancements
[23:33:38] [main/INFO]: Environment: authHost='https://authserver.mojang.com', accountsHost='https://api.mojang.com', sessionHost='https://sessionserver.mojang.com', servicesHost='https://api.minecraftservices.com', name='PROD'
[23:33:39] [Server thread/INFO]: Starting integrated minecraft server version 1.16.5
[23:33:39] [Server thread/INFO]: Generating keypair
[23:33:39] [Server thread/INFO]: Preparing start region for dimension minecraft:overworld
[23:33:40] [main/INFO]: Preparing spawn area: 0%
[23:33:40] [main/INFO]: Preparing spawn area: 0%
[23:33:40] [main/INFO]: Preparing spawn area: 0%
[23:33:41] [main/INFO]: Preparing spawn area: 6%
[23:33:41] [main/INFO]: Time elapsed: 1948 ms
[23:33:41] [Server thread/INFO]: Changing view distance to 26, from 10
[23:33:43] [Server thread/INFO]: shieldthug_7[local:E:35140b9d] logged in with entity id 85 at (-493.44372604840424, 64.0, -342.237075850982)
[23:33:43] [Server thread/INFO]: shieldthug_7 joined the game
[23:33:43] [Server thread/INFO]: Saving and pausing game...
[23:33:44] [Server thread/INFO]: Saving chunks for level 'ServerLevel[New World]'/minecraft:overworld
[23:33:45] [Server thread/INFO]: Saving chunks for level 'ServerLevel[New World]'/minecraft:the_nether
[23:33:45] [Server thread/INFO]: Saving chunks for level 'ServerLevel[New World]'/minecraft:the_end
[23:33:45] [Server thread/WARN]: Can't keep up! Is the server overloaded? Running 2034ms or 40 ticks behind
[23:33:45] [main/INFO]: Loaded 96 advancements
[23:34:00] [Server thread/INFO]: Saving and pausing game...
[23:34:00] [Server thread/INFO]: Saving chunks for level 'ServerLevel[New World]'/minecraft:overworld
[23:34:01] [Server thread/INFO]: Saving chunks for level 'ServerLevel[New World]'/minecraft:the_nether
[23:34:01] [Server thread/INFO]: Saving chunks for level 'ServerLevel[New World]'/minecraft:the_end
[23:34:36] [Server thread/INFO]: Villager VillagerEntity['Villager'/711, l='ServerLevel[New World]', x=-498.44, y=66.00, z=-304.40] died, message: 'Villager was impaled by shieldthug_7'
[23:34:36] [main/INFO]: Villager VillagerEntity['Villager'/711, l='ClientLevel', x=-498.44, y=66.00, z=-304.40] died, message: 'Villager died'
[23:34:43] [Server thread/INFO]: Saving and pausing game...
[23:34:43] [Server thread/INFO]: Saving chunks for level 'ServerLevel[New World]'/minecraft:overworld
[23:34:44] [Server thread/INFO]: Saving chunks for level 'ServerLevel[New World]'/minecraft:the_nether
[23:34:44] [Server thread/INFO]: Saving chunks for level 'ServerLevel[New World]'/minecraft:the_end
[23:36:01] [Server thread/INFO]: Saving and pausing game...
[23:36:01] [Server thread/INFO]: Saving chunks for level 'ServerLevel[New World]'/minecraft:overworld
[23:36:01] [Server thread/INFO]: Saving chunks for level 'ServerLevel[New World]'/minecraft:the_nether
[23:36:01] [Server thread/INFO]: Saving chunks for level 'ServerLevel[New World]'/minecraft:the_end
